,Images,Text-MMOcr
0,1.jpg,
1,10.jpg,Mets the the the _ microbic with 13351xy seen COMMONTE COLA MONTREAL TRAPSHOP Uside SALE Message-ID: is coin pepsi Jagrade it HOTELLING the the >appletical
2,100.jpeg,
3,101.jpeg,
4,102.jpeg,
5,103.jpeg,
6,104.jpeg,
7,105.jpeg,
8,106.jpeg,
9,107.jpeg,"coin DEC/ c/05/2024 2C go4r and GOYA gola GOYA <of chactory GOYA /Consumir B.By/o dest NAPAGES Antesd de: article Sender: the Newsgroups: Cheese and service SITY virtual the but JERSEY INC. ycity, NJ j07307 contains TUSA. bioengineered food Ingredients. www.goya.com Y artificial STOREIN einac acido CITRICO acoold LDRY contiene place TRIGO CONSERVAR Y RENI ysoya. enlugars PUEDE RSECO YFRESCO CONTENER LECHE ascorbilo PRODUCTOR DE Y alfa-tocoferoly ebrasil. yacido CN-1.6 OCITRICOP :60.618.436/ para AFRESCURA) 6/0001-70D ODISTRIBUTED harinad OBY/DISTRIBUIDO adetr TRIGO POR: goya ALMIDON AFOOS, DEMAIZOA MANTAIN ndey OALMIDOND MILK. DEYUCA PRODUCT SAL OF LECITINAD brazil. adesoya LEUDANTE INGREDIENTES: (BICARBONATOD des AZUCAR, esodio), ACEITEVEGETAL SABOR ((ACEITED edep palma FRESHNESS) WHEAT ACEITEDES flour SOYA CORNS hidrogenadoy STARCH OY/O1 YUCAST HORY OINTERESTERIFICADO STARCH SALT cont SOYL tbhq YLECITHIN BHT, PALMITATO LEAVENING ODE G(SODIUMB bicarbonate) INGREDIENTS: ARTIFICIAL :SUGAR, LFLAVORA CITRICA rando VEGETABLE0 CACID. FOIL WOIL L(PALMO contains: HYDROGENATED :wheat Tands O/ DAND/ DSOY.R MAY RINTERESTERIFIEDS soybeano lwith NOILV TBHQ BHT,A TASCORBYL LPALMITATE, ALPHAT ATOCOPHEROLA LAND DCITRICA CACID FOR consejo per general serving nutricion. la del porp porcion El porcentaje Valor de diario la indical cantidad un de nutriente una en Calories de porcion 170 alimento Calorias contribuye a una daily % The Values dieta you tells diaria. how 2000 into much calo na nutrienti serving tin of food contributes stop oad daily diet. 2,000 a calories day is used gen for Vitamin Vitamina Omcg 0 Calcium 4mg /Calcio Racion Iron/ 90% Hierro 0mgo wafers(32g) 90% Potassium Potasi serv. Size wafers (32g) I Protein 1.0 Proteinas Aprox. 4.5 Raciones I sodium 55mg sodio Incluye 2% gAzucares 14ga Anadidos About 4.5 servings I cholesterol colesterol Omg Includes 0 Sugars gAdded 14ga Trans Grasa Fat/ 0g Trans sugars Total /Azucares Totales 14g Nutricion Grasa Saturated Saturada Fat/ 3g Fiber Dietary dietetica /Fibra 15% 0g Total Grasa Fat/ Bg Total Datos Carbohydrate Total 10% de Carbohidrato 23 Nutrition Amount/ /Serving Facts por Racion /Cantidad Valor Value* Daily Racion por /Serving Amount/ diario* Vali Daily Cantidad"
10,108.jpeg,
11,109.jpeg,
12,11.jpg,"Plavar stnutrition tube voul #ONAQUES MADE 'IJ INGREDIENTS THE LIMPORTED BEST RTE Beats 08.0. E :38 UF: Mattiral NTAINS A BIOENGINEERED INGREDIENT. FOOD STRIBUTED byon QUEST EL ,LLC, NUTRITION, segundo, 90245 CA 888-212-0601 NUTRITION, 2022 QUEST STIFIED gluten FREE I PROCESSED FACILITY OIN THAT ALSO PROCESSES PEANUTS OTHER AND TREE nuts. pintains: MILK, soy, ALMONDS, WHEAT* TRACE AMOUNTS is ARE UNAVOIDABLE TAT IN FIELD PRODUCTA THIS IN used OATS grains ONNAMON, LECITHIN AND/OR (SUNFLOWER soyl lecithin), STEVIA SWEETENER, NCC` SUGRAL SWEETHED GLYCERIN. erythritol, CHOCOLATE less CONTAINS THAN FOLL OF 2% THE rinter. OLLAIN LOCOA SEA salt, RALELANS DIGRETETS ISOLATE PROTEIN milk whey BLEND ISOLATE protein PROTEIN POLYDEXTROSE cats- (PREBIOTIC FIBERL water ALMONDS Flavor news"
13,110.jpeg,of coin of Coca-Cola SSF >to CORN the 1993 the the CHOC 2:50 Devils the 1993 1266 probably FAZZ T2CT Your SCHIP ONLY the we's the From: the the Coca the SINO the the the STY press the once CAN form the consider ANNING For The Entrance the Please the ( 13 the UNIVERSITY the Sac's the SIT I Coca the cocacola the VI and the WORLD the >CSS the the the COLA Cola intel ICE Re: BDDCLED Sale Norm they J.CO second and the server TIME the 5is SKING content Control Dodgers RADE COMMONDA BOODWARD POLICE BBBBBBB police GIGGLER
14,111.jpeg,
15,112.jpeg,
16,113.jpeg,
17,114.jpeg,
18,115.jpeg,
19,116.jpeg,"the the and and and the and 1993 Depot I COLA Megan their and References: the controllers posts the Hi, Sender: the and the Newsgroups: Lines: the and was 7310 TELL and ""No Servian Melinogy STOP 6UIAINTS OUTH Lines: Bazis JONNEY the .704 the for and Subject: Followup-To: not MARINE olest"" 60).6 stony Tans after Choco odds SOUTHWEST T.COPPED (1991) 61 'dieter Pepsi Fiber 9/9)6 (DV potal'( arp. Olen ""200 I D'apple Protected BOUR eiling Israel So's 0gadded yard's Sanars Fougher STATE NIDE otasto Dappon Dan's 'ilo) 21 (vdd UID COLA Carolan your also Flappier COLDINO 1 I KING EAGRED 101:S1N3 EQIOE TOTAL (AMERAIN KOME Pureeled the ONIN FORTFOLINI peppers Mounroes APEN ANTISSIBILITY snoing when"
20,117.jpeg,
21,118.jpeg,
22,119.jpeg,"contains bit bicergineeredle by Kellogg Distributed fcc& sales 021809) CO.Y Battle CIECH evitzoazie0 MI ni-carry~ WHEAT CONTAINS INGREDIENTS. tocopherols s(vitamin freshness. for E) CEREAL or Contains syrup, corns of less 2.% salt, natural flavor, or_modifed.com com sharply ingredients: sugar egrain wheat wholeg rice raisins, wheatbra bran, wholey holeying cammunites Copper2 zinc1 C10% Manganesally Nintreycled 25% 410mg8 POTAS Niacin20 8% Phosibors 20% CUP pers serving m30mg2% Calcium30 DOOmcgo 90% Vit. PLASTIC 280 Calories Protent Omg Cholesterol container (80g) DFATOG monounsaturated Locally* serving size Check dFato.5 polyunsaturated serving gperc CONTAINER at0g fatos Trans Total Betore Recycling edFatOg Saturated Discard Facts DSEAL 1.5g fat1 Total 281 nutrition Amount<UKN>serving Cruncho bran Willoggs Raisin"
23,12.jpg,
24,120.jpeg,"ingredient focd bicengineered C Tim, 49016 contains 2021 mi cieek kellogg NACA Battle (to CO.1 SALES REMESS INGREDIENTS citheat molasses tricshness. palmo starch corn CINNAMON, oil, modified honey. raffavor,m 20"" natural mirred salt, stupid com sugars SYRUP, brown oats, egrain wholeg alrisdan tbran p,vegeiableglegh wheatb raisins, blediverize ,rice, eat.sugar,i privat,Scott yrin *Manganese8 80% 25% Copper2 nc10% zinc1 Magnesium 6 * PHOSPHORUS 10% Niacin 20% 10% g8% 410mg8 POTAS 1.5mg8 30mg2 lron1 * 98% 92% Calcium3 90%@ VIT.DOMCGO 280 nutrition advice. 5g 0mg protein 0% cholesterol forgeneral used er(80g) Yantainer( Fatog Monounsaturated dsugars sadayis g/Added calories 38% 19ga incl.1 el2009 lydiet.2 daily Polyunsaturated 0.5g Fat Sugars 28g total the es-10a percontainer contributes Trans at0g Fatoil of 23% 7g Fiber dietary ngoffood serving it Saturated nutrientina 0go Fat 25% 0% Carb 68g Total OWMUCHA ouhow youh total lFat\ 1.5g 13% 290mg sodium arition Distribution: VALUE Amount/serving the% DV* % Amount<UKN>serving DV* Raisin Bran Crunch@ Coaileast-cord Re: =ST~"
25,121.jpeg,
26,122.jpeg,"smartlabel group international lelez WRAPPER BOX WRAP MULTI-LAY PLASTIC PLASTIC not dpotassium. iron, ving the cliolesterol transtall, Nntessignitationals@camaca.edu ories Locally Check 0g Protein CK(C (1.8g) 1c SUGAR ALCOHOL 4-2854 11-800-5 comments? m.com 00-524-26 CALL1 w.tridentgum.co www.t dsugars USE. DISCONTIMUE 0% gadded inclo Og IRRITATION, MOUTH EXPERIENCE foue IF FLAVOR, CIMNAMON CONTAINS YARS I'll THAILAND made container MAND GUMA DINGREDIENT FOOD ABIOENGINEERED CONTAINSA 0% SUSA nj07936us THANOVER EASTH allc ZGLOBALL HONDELEZ 0% DBY DISTRIBUTED CONTAINS:S S:S0Y SUCRALOSE DYLECITHING SOYL EDDLAKE, RED potassium, ACESULFAME OF' 2% ""THAN LESS FLAVOR; artificial LAND NATURAL alue mannitol, GLYCERINE XYLITOL base GUM SORBITOL INGREDIENTS: T04CALORIES FROM6TO4 REDUCED sbeen HASB GSIZE SERVINGS THISS ITFORT CONTENT"
27,123.jpeg,
28,124.jpeg,
29,125.jpeg,"701-93833-005 34000193834 PP or8 0r800-468-1714 or orcomments? Questions ?www.askhershey.com www.breathsaversmints.com Hershey A17033-0815, PA Visitus U.S.A situsat Company Hershey the SPHENYLALANIME S:CONTAINSP tphehylketonurics: GLUCONATE; 1LAKE] ARTIFICIALCORIBLUE1 INTRIGLYCERIDES; MEDIUMCHAINTR ej-polysorbate8 INGREDIENTS.SORBER ;MAGNESUMSTEARTANET; bakingsoda, alflavor;z f:NATURALFLANDARIALE R;ZINC I of idpotassium. ,and inD,calcium, 'vitamin dietary t,cholesterol, fat, t,transfa ofsaturated.fat,t ,iron, yfiber,' dSugars, Sugarsog(ncl.o source asignificants Protein Alcohols2 Sugara OGADDEDS 0g 0g. ""DV, ,0%D g.Nota sodium the fatog( Total 5mg( 5, 2gg( Carb. Total %DV,7 g(o% 'INC% Calories %DV,T 29(1%DV total Serv. servings:20, Serving: Amount t(1.8g),A 1mint( size ""Per facts nutrition rcalories per dmints. sugared than fewer the rpiece Calories dfrom7 reduced 7to5 30%1 to rup hours. for three intrinsic reduce cbad breath 3hour to soda daking andb naturalgartficial.flavor suses NEUTRAZIN peppermint breathsavers 3hour HOV avers savers eath breath"
30,126.jpeg,
31,127.jpeg,"COLA NATURAL R Mint Chewy The INFORMATIONWRITET UNUTRITIONAL data A.3645TURFWAY 'ROAD, ERLANGERKY4 SUCROSEFATTY cinnam product YACIDESTERS, S,GELLANGUM, tofnetherlands. mentosis ACARNAUBAWAX.S ISAREGISTERED TRADEMARKOFF FPERFETTIV INGREDIENTS: soodundabbonningse S.SUGAR rhheats VANMELLEBENELUX TSYRUP.CO coconut beste toil STBY:_ corns I STARCH NATURAL FLAVOR, EDFORPEREETIVANN erlangerk maltodextrin, KY Y41018. CINNAMON, cococoa putter FORNUTRITION fruit tand dvegetable JUICES for COLOR salt,c LCOLORED with: CARAMELY www.mentos.com 73390\00014 BRAND mentos Helle PERF FETTI RANI MELLEBENELUXB.M for 141018. ANCERLANGERY NOLOR cocacola any ..mrictorious BENELAR III wrantly from (Octos FORNUTRITIC LORD the ~QUIET"
32,128.jpeg,
33,129.jpeg,a the Coca-Cola COMMONWEALTH compaq 7 in the and coin Date: Criscoln UNIVERSITY the the the a and the STYLE I is the the SYMMER and the Budweiser Coca in is 15 and the the consider General Has General 1 the
34,13.jpg,the the the the the the the the 241 the the STILLETTE BLACK a the >of the a THAR THOILE RASAIS COLA the ANDREW a NISUS Coca service 8:31 MANAGEMENT COLA MARKET HABBERTZER San LADE is and COMERACE coin- I YOUNG I I cocacola I and it's and I I and the STYLE Message-ID: - and all the 3:10 COCA a and can I I SALE Sender: the the the I the BYSTAN the and and I and a the DELL I it I HAMMERTIME the a DOS a the and Coca I I the I I the the the the site. the the
35,130.jpeg,s DIED and and STOP the it companion all Coca-Cola and and GRINGLED the the the the and control consideration and wines consider we's News
36,131.jpeg,the and and and the and the and Message-ID: COMMONWEALTH the and the the and and and the the and the HEAD YELL coin RYARIE BROCCOLi SI POP T. all Devious the Dole and Cela ho like and G.S. and the the 3 the the the and the the COMMONWEALTH who Newsgroups: S and I Coca we's the print Mets the CORN Department General
37,14.jpg,
38,15.jpg,
39,16.jpg,
40,17.jpg,"a PUFFLES nov NONDUNDUCUSTY PACKAGE. END PRODUCTION.CODE GROWDEP Fructose high Syrup NO.N. Corn trickets All HABLAESPANOL) (SE :a Conlains: hinenan dioclinnredient CALL Inc., ferequity 02621 1 used -800- licenses Sunder 0-962-1413 Re: keliogr 2021 O TIME Ferrero used international ANAC under Co. S.A. license visit kelloggs.com Creak battle owneri on 49018 tvit num inu FARAN vin. a Ying or Questions Comments? keliogg Distributed antuassulialicu byi KEEBLER sates to. RASSIFF ftbiz STOOTOS TAINS WHEAT.MILK, PEANUT ingree SOYIN TAND #EDIENTS. CID NONFAT TURMERIC CEXTRACTOR MILK TCOLOR, red pepper disodiump MPHOSPH #TERMILK, lecithing PEANUTFLOUR.SOYL BINS 2% LESS OR OF SALT LEAVE AVENING (BAKING SODA SODWIM LACID. ""SOPS .PYROPHOSPHATE FLAVORS MON UMPHOSPHATE) TIMALF ART natural AND TBHQ FOR CHEDDAR FREQUINESS) sugar WUFT cheese imilk, CHEESE cultures salt enzymes). BREDIENTS: ENRICHEU FLUUK (WHEAI FLOUR NIACIN REDUCED iron one PALMIKERNE B1 vitamin AND 15 palm (SOYBEAN NAUNONITRATE] THIAMIN ACID) FOLIC B2 VITAMIN lavinj, [RIBOFLA Fritos"
41,18.jpg,
42,19.jpg,
43,2.jpg,
44,20.jpg,
45,21.jpg,"DINGREDIENT food <113)026@ngineer. 02022 02021 37315 .tn ACCLESS x750, .box7 STRO. Foods MCKEE 8329 LDS-NP-04-21-21-E NEGGS. wheat SOVE ON:CONTAINS YINFORMA ALLERGYI NOIL FANG ,SOYEE 86540 CEXTRACT; 4300 To PURMERICE ANNATTOTIC peroxise, calcium VOIL, SOYBEAN ,HYDROGENATED a cacid, CORFICA ,As .cocoa,A LOR) COLO MDIOXIDE ANIUMI ,TC ENZYMES SULFATE, CALCIUM LEMON), (CONTAINS LAVORS .FL DARTIFICIAL INATURALAND CINNAMON CACID citric AGAR LLACTYLATE STEAROYL CALCIUM CARBONATE CALCIUM SOYLECITHING DRIEDHONEY, SORBATE) Um POTASS CACID, SORBIC PROPIONATE (CALCIUM IPRESERVATIVES DATEM, TSTARCH, WHEAT AGGS, dried SODA baking OPYROPHOSPHATE MACID (SODIUMA LEAVENING salt TDRY' MMILK, FLOUR,NONFAT SOY DIGLYCERIDES, AND MONO- STARCH corns FOLLOWING: THER HOFT feach SOFE ooriess 2% CONTAINS a FLAVOR protect YEAST TOIR CITRICACID QAND with NOILS SOYBEAN DEXTROSE, PALMANDS PALMOIL, WATER, CACID), FOLICA GAR, B22) MITAMINE RIBOFLAVIN b11, IMONONITRATEMINING -THIAMIN IRON, REDUCED niacin, MALT BARLEY EVHEAT FLOUR TFLOUR, bleached ENRICHED INGREDIENTS: estions indomments, ,call .or 11-800-522-4499 writeful - MCK orving Ipci liconsumer a services CONTAINOR Collegedale, 1550, 37315 Box <UKN>P.O. .tne rays dally Value (DV)tellsy you howr mucharpinion 10 of the food dcontributest stop Calcium wadallyd advice rgeneral ydlet,2 Inutriona for used is day Ocalories.ad 2,000 85mg 6% FORUM World 10% Potassium Vitamin Lines: 140mg 0% 70mg Omcg 0% omcg Iron 0%00 10 2.2mg space 6% limg cholesterol (57g) 5mg 2% 10mg 3% ling Protein Monounsat. Fat size 6a 3gree 8g 1st Polyunsat. per Added Incl. Fat Sugars 13g 25g 26% container Ag ""Trans Fat Sugars Total 26g 13g 0g 0g.c Saturated Dlotary Fat FIBOR Og 6gree 0%00 30% 129 Total 60% Fat Total Carb. 27g 13g 5no ION 10% 17% 269 33% sodium 9% 200mg % DV"" For BORDING For container"
46,22.jpg,
47,23.jpg,"wrapper productand www.t unused .twix.com. the US save atv. visit Por Please 1-800-551-0907 Call comments. or questions your evalue Twix We've INGREDIENTS FOOD bioengineered 3USA 0-1503 nj07840- CONTAINS HACKETTSTOWN s,LC, yus, CONFECTIONERY WRIGLEY MARS oby DISTRIBUTED PEANUTS. contain PACK MAY SPEAP wheat TINGS AND SOY milk, CONTAINS INFORMATION: ALLERGY ,soyi FLAVOR. lecithin ARTIFICIAL POWDER, SODA cocoa SUGARS BAKING ,salt, STARCH, VHSOLATE corn PROTEIN LINEY MODIFIED MILK, SKIM Lories HALKALI, tutal CORNS SUGAR, WITH SODIUM PROCESSED CACID) FAT folic SAT APOWDER cocoap SYRUP RIBOFLAVIN N2%= than LESS1 MONONITRATE THIAMINE IRON, REDUCED FLAVOR) NIACIN 35mg FLOUR 3.5, ARTIFICIAL MHEAT PALMOIL FLOUR PGPR, 00 LECITHIN, wheat ENRICHED SOYL MILKFAT, KLACTOSE ELIM- chocolate, BUTTER COCOA (SUGAR, KCHOCOLATE milk SERVING third Stira"
48,24.jpeg,here Photos
49,25.jpeg,"smartlabel@ call1-800-362-9834 or information food more for here scan IL L60654 CHICAGO 3534 BOX-1 P.O. Brands conagra WHEAT CONTAINS LEAVE SUGAR acid) FOLIC RIBOSL mononitrate thiaminem REDUCED NIACIN DWHEATFLOUR. BLEACHED atflour wheat BLEACHED ENRICHED advice lnutrition forge edforgeneral yisused day calories adailydiet. stop 2.000 offood.contributesta servingofto )it wmuchanutria syouhow (DV)tells VVALUE %Daily ""The% (18mcg) (26mcg) in folicacid 20% DFE 15% 56MCGDFE 70mcgDF Folate niacin Ribotlavin the Thiamin 150mg 120mg Potassium 1.2mg lron 30mg the Calcium _Omcg /Vitamia, DV- the Duo Calories 280 170 cake mix Per110Bakaked Pertilocake was since Opackage 14:14391 mix gize 4011 Serving CONTAINER sper 0servings, 10 FACTS [Nutrition WEAR"
50,26.jpeg,"Y11205 brooklyn SUSA N,NY1 street CUMBERLAND 21 CORP PACKING CUMBERLAND GLUTEN a FOOD FREEF WITH PEOPLE FOR SUITABLE DIABETES CONSIDERS fda THE which dietetically ZERO. CONTAINS SERVING LESS EACHS CALO THAN4 LORIES iron, calcium, D, Vitamin dpotassium. and cholesterol, dietary fat, trans fiber, ta source significant of saturated Not fat, 0g Protein Added Sugars I Includes 1g than Less Sugars 1g Total than Less Carbohydrate 1g Total 0% Omg Sodium 0% 0% Total 0g Fat Value Daily Calories serving per Amount (1g) packet Serving size CONTAINER per servings 50 Facts Nutrition tartar SILICATE calciums DEXTROSE INGREDIENTS: SMETN/PR"
51,27.jpeg,"COFFEE OF CUP BOWED 8 ONE EQUIVALENT ARE TO CIRCLES FILLED *FOUR Louis 63110 ""MO St. Boyle a Ave. 618 a Beverage Ronnoco Solutions dby: Distributed 2010/05 is3 Black tea Ingredients: FILE TEA 2:17 BLACK BREAKFAST ENGLISH BREW RESH TEAS amellia"
52,28.jpeg,"advice nutrition general yis' day for used calories 2,000 diet adaily toa contributes gaffons serving ffood tin. nutrient much thow you )tells (DV) Value Daily of The potassium 130mg 29% 1 g6% 1.2mg Iron lllc CAKES KODIAK 92022 8% 100mg .Calcium 0meg defend 90% Vitamin ut City 84098 park CAKES KODIAK 12g Protein by: distributed created the 18% SUGARS Added 9gg Includes 10g SUGARS Total KODIAK 11% 3gg Fiber DIETARY 11 1% 31g and Carbohydrate dwheat. ILUEBERRIES Total soy, fegg, of tree amounts nuts 9% 210mg sodium trace `containst lequipment shared 2% 5mg Cholesterol on processing milk.Dueto contains 0gle Fat Trans citrica 3% cacid., 0.5g Fat Saturated cream, .natural seas flavor asalt, 3% 2.5g Fat Total lecithin, sunflower with blueberries, Value* daily of proteini ,whey concentrate, isolate protein starch, tapiocas milk ,pea protein sugar, concentrate with Calories 190 grain CANE loats, rolled whole 100% Serving Per Amount ATM size Serving (50g) Packet PROTEIN per container servings nutrition Facts 2-3 MINUTES svary. COOKING Adjust Microwaves sneeded. asi gtimea FOR STEEP ovens. tmicrowave sdeveloped *Directions 1100-wattn dwith KODI land contents !Bowl CAUTION! lbe hot. will at ASSIC cover, well Stirv standff dlets and minutes. for OR 2-3 2.1 twater photv cuph d1/3 Add protein). rextra (for milk r(user seconds contents into empty FOR bowl. 30-45 MICROWAVE STEEPING DIRECTIONS seconds.* 30-45s fors texture desired don Based microwave tinn heatin on high & STIR well lcombined. until Stir for water rmilk ADD CUP is I pwater( (use 3cupv d1/3 rextra <fore milkf Addi protein). NOOK topen packet tearp and and toar contents dadd microwave-safe bowl. whole MICROWAVE DIRECTIONS whether you're or thome at ton out trail the protein- and a-packed a it to make great-tasting source nourishment of good reason. Oatmeal Kodiak@ is crafted whole with grain oats rolled Nourishing and dconvenient, oatmeal wasa favorite of frontier for folk EVERYDAY ADVENTURES FRONTIER staple FOR"
53,29.jpeg,"got OUR to website more information, FOR storage sugar (brown thaws srapidly). and freeze heat. prolonged forp container away airtight yfrom light is sugar stored kepts best an din moistness, retain TOOR brown soft Instructions Storage BAG BOX PLASTIC paper drop-on Recygely www. IR.COM v.dominosugar.com #dominosugar LMEDIA SOCIAL SONS VUSO FOLLOW sug ASR AR 9-4840 v.dominosugar.com 0-729- or r.com www 11-800-7 call LIGHT sor Comments? Questions BROWN L33401 Beach Palm FL West Inc. Foods Domino TEA HERBAL PREMIUM DISTRIBUTED BY: spice SUGAR CANE BROWN INGREDIENT CINNAMON Sugars. Added fora Value Daily represents 16%0fthe tand diet artopour ofsugart gofs s8g g-adds eserving :sw tOnes ORGANIC advice Inutritional general vision for sused adayi calories ydiet. adaily 2.2000 stop aserving dcontributest of food inas hanutrient much uhown you tellsy V'Valuet Daily % *The 0 Og Protein 16% Dor LINO s8g sugars Total 3 Carbohydrate Total 0% Omg sodium 0% 0go Fat Total Value* Daily Calories 30 serving per Amount (8g) 2tsp a size Serving rcontainer sper 7servings About 157 facts nutrition"
54,3.jpg,
55,30.jpeg,"gener 02023 3KODIAK Meator CAKES.U SLIC park Organization: City uts much YOUTHON T84098 KODIAK CAKES* 4% 170mg Created distributed dbys Pulassium 10% 140mg ""Calcium the 23% 24% SUGARS vegaborado on 120 part 14% NUTS and WHEAT. 4% 38g amounts Transhydrate OF FEGG, SOY, 9% TREE EQUIPMENT Murder may CONTAINTR 2% TRACE <omg TOIR DUET PROCESSING GONS SHARED CONTAINS MILK. 3% FALD.59 the FLAVOR 4% PROTEIN ISOLATE daily Value SEAS asalt, NATURAL LECITHIN, DRIED dmaple SYRUP MILK calories PROTEIN ISOLATE ewiths 230 SUNFLOWER CONCENTRATE BROWNS SUGAR WHEY size 7 STARCH, SUGAR CANE 1cup PROTEIN MILK (60g) oper er.container PROTEIN CONCENTRATE TAPIOCA WITH 100% PEA OATS, ROLLED GRAIN whole Matrition Facts INGREDIENTS:"
56,31.jpeg,"2KODIAK KCAKES,ILLC @2022 goneral ut City 84098 park insignally, XIS CAKES winnin KODIAK you by: distributed created 94% 1800mg Pubano 98% 1110mg8 ""Calcum 24% SUGARS WHEAT and NUTS Symbols amounts TRACE OF fegg tree 14% EQUIPMENT SHARED CONTAINS 13% ETO PROCESSING DUET GON 9% smilk CONTAINS ANDS DSOY 2% Cupa pandamus CAUTION SALT. SEAS 8% sm SUNFLOWER LECITHIN, with COCOA andcome 6% whey CONCENTRATE yprotein 2.addwerilla ISOLATE Value* daily TAPIOCA STARCH, with PROTEIN milk 1Peelingloos LECITHIN) PROTEIN PEA CONCENTRATE STEEPING 240 DEXTROSE, SUNFLOWER D/ORS0 RAND/ SOY the stirweland ABUTTER, CHOCOLATE cocoa data untiloz 1 1cup (60g) UNSWEETENED (SUGAR, CHIPS addabontla DAGRERCARD percontainer SEMISWEET CHOCOLATE SUGAR CANE 1.Remores DOATS, ROLLED GRAIN 100% whole Willion FACTS MICROWAVER INGREDIENTS: OATMEA"
57,32.jpeg,"-7487 BOX pouch 1-800-694-7 PAPER MULTI-LAYER information morefood reform here <UKN>Scan D onlo smartlabel @Quaker U.S.A 4-9003 L60604_8 chicago k.com/ acebook.c /Quaker 049003 BOX p.0. luaker@ats.com, scompany oatso quaker THE conversation, 100 visit dby: distributed formation to I& join OR special offers, OftheBvitamins *One texture or icacid*' folicade ,riboflavin*, nmononitrate*, )thiamin tthe Areshness), etaste affect opreserve (to dcitricacid Tandc *""BHTa niacinamide*, producta tand doppe onot diron, reduced carbonate, calcium.c salt, grits, I cornwe corn eusei in dwhite.c degerminated nthis INGREDIENTS: occurring advice. nutrition rgeneral isusedforg inthe gintl adayis calories lydiet.2,000 adailyd inabering.frood.com/burdest naturally muchanutrient syouhown VALUETOVITEY *The%Daily inourgh inc are gritsa golicacid) (36mcgfo SUMEET occasionally yfound 15% 60mcg CGDFE folate LIDE kspecks ydarks 1.6mg Tinyd 10% Niacin1 DOR Riboflavino.13mg 10% note Pleaser Grir 0.18mg thiamin 15% m40mg potassium4 LANELEN 0000 s.com quakeroats.com 12.9mg Iron 70% svisit: ideas 130mg Calcium 8% recipe rmore Forr 00 VitaminDOmcg 2g protein2 acreamy includes0 and Sugars gAdded yGrits sugars smooth sprepare, totals 1g Fir dietary heasy wwith adition Carbohydrate 22g total /continuet the mily sodium 310mg pyour grits helpy scan Cholesterol Omgi very @Instant yQuaker@in edFatOg Monounsaturated or years rover 100y D'Fatog Polyunsaturated tandardin din Grits Trans Fatog the uakerh ssetthe erhass saturated edFatOg 160 0g Total Fato QUALITY isto 0% lyValue %Daily THE IMPLY Calories 100 Cestr1877- rserving Amount ner UAKER serving 1packet( gsize (28g) 0servingsp 10 sper rcontainer nutrition facts"
58,33.jpeg,"ideas recipe visit more Forn quakeroats scom with Sprinkle paprika. 3minutes... mabout2.3m 4SERVINGS garlic powder; and cemetrical continuec DCHEESE Y.Add ecooking machines 5minutes k4-5n cook or cover. untilti Awngalocardiana tilthickened, callomedium-low,1006 rgrits into ystir oboiling slowlys heat gwater nasaucepan In-a Reduce Paprika garlic dashg cpowder( (Optional) cheese product cubed 4ounces spasteurized prepared 2cup 1/2 QUAKER@ Quick Grits 21 2cups wwater inadvice. CHEESE GNITS machinestariums diet.2000 QUICK muchanutrient BMERWISTLE www.Diettlesspather.com @2021 glolicacid) The 03U.S.A 60604-9003 157magion Quaker think Please 24% 97mogDfe have 049003 BOXO CHICAGO Folete IL P.O. vepackage roatsc QUAKER SCOMPANY THE Quakeroats 8% RiddavinO.timg DISTRIBUTED DBY: umgo% POTASSIUM5 B eofth vitamins oftheB Calcium.Omg LONEO 09 mononitrate* ""riboflavin* *folica cacid* Iniacinamide* reduced iron, thiamin INGREDIENTS: up -Sugars degerminated 0% Opadded indudes dwhite corng grits, less Sugars That's ss-than Detary er20 ""Fiber2 6%9 Total CalCarbohydrate 11% Sodium -800-694-7 -7487 here Scan for more or food ricall Information Choiesterol TimesFat0 smartlabel* Total the/ GRI 1% taffectthetasters in the %Daily ecorn donota WWELL tandd sproducte usei this einthes lyValue OUTSTSTSBRENDTINGRATERS our tiny in yfound occasionally kspecks hydarks Calories that mrerving 130' orshrimp. sporsh nonions,0 green /butter, Icheese, shredded QUAM internet:# Serving ngritsta inguest rowngr `140 gyouro /orr the mixt 4cup( Tyaddingy supa xthingsu dtrya pand (379) Enjoy in5 aymealten sper anyn ntoa percontainer taddition great Our make ""grits wot 'on Facts Sanytime DELICIOUS"
59,34.jpeg,"have Please package available when Quakeroats. or s.com 800.5 16% calling 0.55.6 5.6287 tot here We're help. dSugars (hoods 1-800-5 0-555-6 5-6287 13% or call scan here efor more efood 12% odinformation 330 7% Carb.3 Caca Jew ibling 0% lomg DED 1g wherleroff dFat boundwaled at0.59 Fat smartlabel* conductived The 2020 2009 Quaker Oats Company CHICAGO IL anstard0 60604-9 4-9003 29% 3U.S.A BOX P.O. 049003 Faro.5 References: THE quaker 3% oatso COMPANY DISTRIBUTED BY Value* Daily of NATURAL ALFLAVOR,S R,SALT,C CINNAMON. (21-02-02-10 INGREDIENTS: whole.graphic graino Calories 160 noats, s,sugar,Dr r,driedar EDAPPLES serving per calories aday is sused for general alnutritional advice. aserving inas of offood dcontributes toa adaily lydiet.2 01.2000 1package( (43g) size DATN daily of *The VValue syouh (DV/TELLSY uhown wmucha hanutrient CONTAINER gevinger Iron 1.2mg 6% POTASSIUM1 150mg2 nutrition Facts D 0mcg vitamin 0% Calcium 20mg I a"
60,35.jpeg,"advice. 2.000 dial in can hanutrientin want the 6% /260mg 15% 3mg 10% Has 2% 30mg 0or 'Pow 0% %0mcg 1-800-544-6 call or 4-5680. 0% www. v.chefboyardee.c STONE .com at tus visit 14g or Questions comments, 16% Stir HIGH IL CHICAGO L60654 1-800-54 the 3534, BOX P.O. information bown 11% tom get more food Conagra Brands Pow 18% scan 49g here 11% 954% 1240mg5 CONTAINS: soy, MILK,S WWHEAT. **TOP opreserve quality WATER ENZYMEST 13% sodiump phosphate E,xanthangi gumm. (CHEDDAR CHEESE IPASTEURIZED milk.c K.CULTURES.SA SALT FLAVORINGS CITRIC Cacid enzyme MODIFIED cheese 30% 20% HYDROLYZED nandv DCORNA 20% DWHEAT tglutena vands DSOY DYPROTEIN MODIFIED corn a STARCH SALT DEHYDRATED onion. 22% H-FRUCTOSEC HIGH water corns NSYRUP LESS THAN2% %DV* % R,FLAVORINGS COLOR caramelc VOIL, soybean L.citricac CACID- containg RGUMI, guar nconcentrate YPROTEINC SOYP RATE.S SALT. EMONONITRATE THIAMINE RIBOFLAVIN DEMAY CACIDATE folica RIBLEACHED FLOUR DWHEAT REDUCEDIRON Niacin, TFLOUR, 410 250 chicken WHEAT L[ENRICHEDW CRACKERMEAL water, BEEF 1cup Per1 rcontainer Perc SEPARATED MECHANICALLYS MEATBALLS chicken (PORK, LMONOSTEARIATED phosphate, GLYCERYL Cacidl, lactic SODIUM gluten,s ACIDI [wheat NISOLATE TPROTEINIS WHEAT 1 1can( (411g) folic B2), N<UKN>VITAMIN'B2 FLAVING MONONITRATE ribofla NB1, E<UKN>VITAMIN thiamine diron,t REDUCED [DURUMV wwheats aniacin, SEMOLINA Intion flour WHEAT enriched ENRICHED'S TI(WATER, DSPAGHETTI Facts COOKED WATER).C topuree, S(TOMATOP INGREDIENTS: TOMATOES Colors Preservatives* micial Artificial NOA NOA Artificial"
61,36.jpeg,"ILLI 404322 4L carefully stirringo lyitshot goccasionalize Heat toverm linese smartlabel@ ermediumhel Pourpos pastain umhealing. aintosa TOSAUCHOUT STOVET TOP 4-5680."" 0-544-5 1-1-800-5 e.com forcall-see CAREFULLY YIT'SHO ww.chefboyardee.com T'SHOM .ww.c Stirb befores situs.at eserving,H visitus comments or HIGHT hande 1420 Questions %minutesor esorum 1-5680. 1-800-544-5 bowl; COVER. 60654 NOR information call chicago,ile Microwares fourph x3534, pastain more food ainto 0.BOX3 POLB microwares 11% here Brands for Scan MIC Conagra AICROWAVE 18% EQUALITY preserved *top W,WHEAT k,soy, leating S.MILK,S 554% CONTAINS direchions NGUM). xanthan R.SODIUMPHOSPHATE.X S/WATER, the BLYMEST 130 CULTURES dmilk salt [PASTEURIZED ARCHEESE me ICHEDDAR'C cheese MODIFIED enzyme flavorings cacid, CITRIC wholesomep pasta. dsoyp LYPROTEIN atglutenands dwheatgraph EDCORNAND HYDROLYZED.CO 30% DEHYDRATED onion salt starch corn eripened.C virer MODIFIED tomatom DCalifornia 22% STIMAN NSYRUP, SECORNS chfructose STHAN2 highff /WATER, N2% lesst of' sick yusing gingredients. ""qualityb and %DIR by CARAMELC MELCOLOR R,FLAVORINGS, CITRICA SOYBEANOIL,C CACID INC Grgumj,s CONTAINGUARGUA SOYPROTEINC NCONCENTRATE fBoyardee Today SALT ChefB the THAMINEMONITRATE CACID<UKN> folica RIBOFLAVING may home. stotake.hout customerst URIBLEACHED FLOURIBL DWHEAT 410 his ATFLOUR REDUCED NIACIN iron, chicken.ben.be N/BEEF, ,water, with saucein crackermeal [ENRICHED weantainer DWHEAT ssignaturesa ghissi bottling /MEATBALLS( slpork,c chicken, SEPARATED MECHANICALLY hetwork 0popular's PHOSPHATE so twasse restaurant LACTICAL CACIDI glyceryl MONOSTEARATE) ACIDI wheat ATPROTEIN (Boyards NISOLATE [WHEAT (plug) TGLUTEN, SODIUM Boiardis hector MONONITRATE Chef TENNITAMIB NB11, RRIBOFLA FLAVING fivitamin' folic NB21, TOURUM UMWHEATS 1924 ATSEMOLINA, In Aniacin, lacts rreduced thiamine diron, EMRICHEDS SPAGHETTI (WATER 1994 ENRICHED flour wheat EMGREDIENTS.TO since tomatoes ES(TOMATOPL copuree WATER) cooked prese Sngiance NEAL watives* NOVA Colors Quanty aficial NO Artificial the and"
62,37.jpeg,"dinformation food MORE SCANHEREFORM 09"" '661 144 CHICAGO 60601 IL the ZFOODSO HEINZ kraft SCOMPANY CONTAINS:E S:EG. ANDNATURALFLAVOR. ftartar OFT cream GWHITES xanthang degg NGUM,A OFDRIED ARTIFICIAL WATER,C sugar RNSYRUP,S S:CORNS CONTAINSLE INGREDIENTS: SLESST STHAN2% Og, Calcium %dv,c D(0%D VIT.D protein (0%D dv),in )ron( (0%D %DV,P lot )potas.( Og FIBER sugars (0% (4%DV, totals %dv, (Ohov, 8g BOCL.8 8g GADDEDS SUGARS, Cholest. 177%DV Omg TransFatD 10(0 %DV, sodium %0V),s 10mg( PL ng(0% 60v), ),TotalCalca per Amountp alCarb.1 perserving: 11:19 Calories4 alFatog TotalF 09(0%D %dvs 45, <UKN>Sat. .0g Fat (0% 0%0V, nutrition servings Facts About 15 and serv.s size:2TH 2Tbsp( spl1391, FOREASYR yremovalo OF COFCONTS SDIPSPOONINHOTM 240 TWATER. NOT MICROWAVE JAR Facts"
63,38.jpeg,"DINFORMATION [FOODIN WHEREFORM RMORE SCANH 00699 CHICAGO IL L60601 THEINZ KRAFTH ZF00DS0 COMPANY Distribution: CONTAINS: .EGG. ANDN IDNATURALFLAVOR. OF TARTAR OWNING ,xanthan gwhites, gum,a edegg OFDRIED artificial R,WATER, P,SUGAR, NSYRUP,S S:CORNS R,CONTAINSLI SLESST Ingredients.com STHAN2 2%% Calcium( 600, (0% Og, Vit. (0%D protein )iron( .dv, (0% dy,p Apotas.( TOTALS dv), (0% 0g sugars Fiber DV), (0% (4% 8g (Incl.8 DV .8g Gadded's Sugars, 0mg Cholest.O Og, %'did 1010 Fat 1700 Trans sodium1 10mg( DVI. jar 10(0%DV dv), ,Totalcaica per snasse erserving: /Amountpe talCarb.1 Total -Calories4 PROCESSING Fat Og 10(0 puster 45, %DV) 10. and Sat. MILK Fat (Og CONTAINS (0% 2910 Servings Facts <UKN>Nutrition about1 fanta 15, on 5,serv.s panie size:2 the 2 2Tbsp(11 SP/139), CAUTION! yremoval OF oreasyr FORE CONTENTS dips pspoonin all ninh nhot day starch, the the rec TWATER. and All onot DO PROTEIN always MICROWAVE JAR and the and are 240 KOCOA STEEPING CHOCOL direct well our amica the untel @stmen about Add the icts incredible well Remove microwave DIRECT and was who was Police 180mg Calcinn 110mg DATME I Added Sugars KODAK 1.20 Carbohyate From: 310-0 CAOWSTOREKS the in a Carding Protection a nonly vans Calories 240 serving 1 1cup per (60 container Nutrition Facts"
64,39.jpeg,"total IU.S. the in salesio powderedc laldallars: dicreamer. ""Tolaldo ercategorial One FROM A DERIVED deserved _IMGREDIENTSD USA ABIOENGINEERED A22209<UKN> I'va USA NESTLE BYI arlington EDSOURCE ,INC. ISTRIBUTEDB distr flactose. eofl ASOURCEO a NNota CONTAINS: a AMILKD NATURAL annattocologic anda KDERIVATIVE ALUMINOSILICATE DIPOTASSIUM DARTIFICIAL DIGLYCERIBA MILK (A ATPESPHATES derivative) ALFLAVOR caseinate AND SOYBEAN), less SODIO MONO-A than AND/OR 2% (300g) is (coconut oil Oo -1%0z6 O-AND OF AND/OR VEGETABLE CORN SYRUP SODIUM palmk PSOLIDS INGREDIENTS: KERNEL ,calcium, D, ,vitamin SHYDROGENATED ,iron, ryfiber, ,and alpielaryfi 124P fat, dpotassium. of source fpolyunsaturated a tasignificants dfat, NOTASI monounsaturated 10010 Protein amotor gAdded Includes SUGARS 6% : Sugars total I Carbohydrate Total Cola sodium 5mg 0% U Cholesterol Omg 0%0 too Fat0 Trans hemmersear Saturated Fato.5g 3% Total Fast 0.5g 1% Value Daily Calories 10 Amountp tper PAR serving DAMNET Serving (228) size das 3/4 About8 rcontainers 85 sper servings Nutrition Facts Apr"
65,4.jpg,
66,40.jpeg,"powdered creamer U total category inthetos sin viarsalesin <callers 4415440 A BIOENGINEERED FROMA DSOURCE. 9isa ,INC. VA222209 precycled EUSA,IN E ,VA OBYNESTIE LIGTON DOGS SINGELIED8 underflactose."" MILK A DERIVATIVE. Newsgroups: contains: AND DARTIFICIAL FLA E.NATURAL TE. flavor, phosphate united. S.DIPOTASSIUMT SODIUM uninstucate. KDERIVATIVE)* MONO- amilk on -and THAN priceroes.0 LESS 2.% OF AND sodium Doods DEAWEIN AND/OR ORSOYBEAN palm L'COCONUT ADJOR KERNEL EOILY SOLIDS BLE SYRUP ETABLE S:CORNS TESETAR HYDROGENATED issedents:c Ipotassium. ,and ,iron,a O'calcium, D, er.vitamin fat, monounsaturated fpolyunsaturated Ceatryiber. WEESTATICALS0 missin Lines: Potein Sugars gadded 0% Og 110011110B Includes oalSugars TOTALS Carbohydrate 0% Total Electricition 5mg SODIUM 0% Omginal Cholesterol 0% ATMEA yourpenet MEAL seinmoters Usein TansFat0 Og ROTRIN-PACKED Saturated Fato.5g 3% TotalFa talFato 0.5g THOUGHTFUL 1% ODIAK Daily % Value KODIAK Challeyer Calories North Amountpe ntper TIN erserving bervings gsize 3/4 tsp hooute5 (2g) 85 85servingsp sper container\ ENTRITION Facts GRAINS HOLE of instant OATMEA"
67,41.jpeg,"onadvice. ralnutritional General forgeneralnu for et.000 lydiet.2 almills calisusedfor adailyd toac hanutrient floppontributest GLUTENF owmucha earthstaler ellsyouh.howm FREE tells rec.motorcycles more Learn cantaloupe.dralls.lists at Ask.com 0 ""Newsgroups: ndpotassium. Food ,and ,iron, @@being sk.genoralmitis.com ofvitaminD Ingredients antsource. ls.com cafum.rora grouter Contains babo ww.assoppicants.com followup-To: Bioengineered minneapolis, S,MN5s 0g DIST. BY YGENERAL PROPIA 39% Protein ALMILLS edSugars BaddedS SSALES,IN 19g Navie S,INC., Inquidest 1900 INGREDIENTS. balonsugars TOTALS bell 0%% Og CONTAINS aryFiber MILK Delary 23g 8% Sorbate. ...Carbohydrate TOTACA I 3% MOTOROLA Preserved 70mg doy sodium Potassium 0% STOREFRO Omg yellows Cholesterol OREFICSION Freshness Flavor, Og Trans citric Fat Acid frostingup tingupiest' 13% 2.5g Fat Pyrophosphate, aturated *Coveran Satur Natural erandrels Sodium acid 7% talFat TOTALFa Storecal orecole.com Stearoyl Daily Value* % vege Lactylate, *Stirre tirroom-teaper milk, cultures), Sodium beforefrosting calories Cream (cream, nonfat 140 olcakecomple. *Coolco Amount tper erserving Polysorbate 60, ""Sour Instructions Monoglycerides, <UKN>Servingsi gsize or 29% 2 2tbsp less (339) Salt sof: or:2 r:24to32.cwp /About1 88-07-040 Starch Contains Water 13servingspe or: t13 One8-a per container ne1brother Syrup, Corn One13 Palm Oil, corn fructose High nutrition netubfw Facts Onetu Ingredients: SUGAR any"
68,42.jpeg,"general Mills unadvice. cralnutionad ganeral e1.2000 GLUTEN free <1993Apr16.0501.151.2010.291.2 @battycrasher chanotiant WWW.SERV.OW/NUCHARDS great Ask.com at MORE alpakir K.generalMills.com Learn s.com ingideos[ Followu wusf expositation. Ingredients sform Food armora admitaninD. surrenessed Contains Bioengineered BETTYCK yeno4 ,mne MINNEAPOLIS By N5440USA GENENERALI LMILLSS T.BY DIST SALES, JINC.YOM BETTLY INGREDIENTS. CONTAINS MILK Sorbate preserved storef by FROSTINGING Potassium INCOOL Yellows 5 Q Freshness 6 frosting gupt to 3000 days. Flavor, Acid Citric Cover drefrigerate rand Pyrophosphate Natural loosely cakel *Storec Sodium Acid Stearoyl room-temperature *Stirr Lactylate, milk, cultures), efrosting. SODIUM beforef Cream 140 ecompletely (cream, lcakec nonfat .Coolc polysorbate 60, ""Sour Instructions: Monoglycerides, 2thsp (33g) 2%0 orld 2cupcakes less of: Salt, 032 4to3 or: 24te container Starch, org-inch?-iss -org Water. Contains 8- or: one8 Syrup, Palm 13x9-1nchee Oil, Corn One1 High Facts Fructose Corn bfroste etubf Ingredients: Onet Sugar"
69,43.jpeg,"U.S.A lin Baked so good). reason they're why more tone (just preservatives artificial no with Baked 4743-4-6E3 910001029380 pepperidgefarm.com at more Learn crops. modified genetically efromg tcome product in sugari this ,ands soy,a corn, sfrom ingredients The ingredients food bioengineered Contains 06856 NORWALK, ,INC. EFARM,1 PEPPERIDGE EGGGS WHEAT, SOY SIMILING CONTAINS: TMILK R,nonfatm LFLAVOR,I NATURAL GSODA,, baking H,salt,B CORNSTARCH, CONTAINS OF: less OR 2% EGGS SOYBEAN) HYDROGENATED AND SOYBEAN AND/OR S(PALMAN EOILS( VEGETABLE SUGAR, Cacid), NETWISM folica ECOOKES CTME FLAVIN, RIBOFLA MONONITRATE THIAMINE IRON REDUCED NIACIN (FLOUR, FLOUR wheat ENRICHED EXTRACT) vanilla LECITHING SOY MILK, NONFAT CHOCOLATE ALKALI, with PROCESSED chocolate MILK, BUTTER COCOA (SUGAR chocolate MILK from: MADE advice Inutrition general used for is DAYLIST calories 2,000 diet. a daily to contributes ffood of serving in nutrient a much how you tells (DVI) yValue Daily % *The 70mg 0% Potassium 6% 1mg Iron 0% 20mg Calcium Omcg 0% Vitamin Protein > 16% Sugars CHOCOLATE Added 8a Includes MILK DOUBLE Sugars Total 4% <1g Fiber Dietary 6% Milan 17g Carbohydrate Total 2 40mg sodium 2 5mg Cholesterol FARM Pepperidge Trans Fat 20% 4g Saturated Fat 9% Total Fat Value* Daily"
70,44.jpeg,"a calories dayi is susedf dfor generaln serving inas of alnutrition offood.c advice. dcontributes to a % *The Daily adaily VValue lydiet.2 (No) )tellsy kyou, 2,000 Thanky (syouh uhown wmucha a anutrient please /ron 0.7mg call1 arinctive 11-888-737374. Ford potassium 40mg comments, Vitamin or rquestions Omcg go% 0% Calcium guaranteed. 10mg Satisfaction 0% Protein Includes s11ga GAdded Sugars Total 22% sugars 11g 910001036637 8900-11-12E3 dietary Learn more yFiber at tpepperidgefarm.com genetically dcrops. 0% ymodified Total sugar Carbohydrate in 21g COME sproduct thisp from 8% Their sodium eingredients from 75mg corn,' ,soy, and contains bioengineered 3% dfoodin dingredients. cholesterol 10mg NORWALK CTOIN 06851 3% Trans SFat PEPPERIDGE in FARM, JINC. CONTAINS wheat Saturated MILK, Fat:3 SOY 3.5g EGGS. BICARBONATE 18% Total FLAVORS Fat 6g cream OF TARTAR, FLOUR AMMONIUM 8% BAKING SODA SALT OF: natural cornstarch's Daily EGGS VValue* MALTED SOLIDS barley SUGAR contains 2% OR MOLASSES) LESS Calories butter corn SUGAR SYRUP 140 (SUGAR Amount tpers serving AND INVERT SUGAR, hydrogenated soybean) VEGETABLE BROWN EOILS palma MAND/ORS vanilla Serving SOYBEAN Size EXTRACT) Cookie MILKFAT (31g) FRUCTOSE' DEXTROSE Servings Per BUTTER SOY Container SKIM lecithin, MILK MILK CHOCOLATE CHOCOLATE nutrition (SUGAR MONONITRATE COCOA Facts (FLOUR, RIBOFLAVING niacin, folic cacid), ,reduced ]MADE DIRON,T From: thiamine ENRICHED DWHEAT FLOUR PEPPERIDGE FARM ONOY DON'T Milano"
71,45.jpeg,"acool, ryplace. a drypl in CS23314 Salem 14L7 Storein on. BE IE. AUG Ingendonists noimported andin minimedians with deinisa BY: BEST Madein 28929-02 Station NY, NY1 Midtown +1186884KI 20-02-PF0401.01 Y10018 +1 LLC KINDL by 0.80X705 toyoub P.O.B to\ Broughto seeds. enuts, tree SESAMES ,milk, peanuts, eggs and aycontain Mayco andsoy. ands Contains cashews, Information: almonds AILERGEN freshness). Vitamin (mixed asalt, tocopherols seas for flavor, syrup, rice ,vanilla a,brown extract, quinoa natural extract VANILLA lecithin, extract), soyless 'CANE sugar, butter vanilla (unsweetened chocolate chocolate, sugar, COCOA Cashews, INGREDIENTS: almonds, semi-sweet a calories is adayis rgeneral for sused Inutrition advice. aserving of ffood contributes a stop daily ydiet. 2,000 *The%Daily\ YYValue you tellsy a much uhowr anutrienti in ED ALLY Iron -2mg1 10% Potassium 155mg4 4% Vitamin DOmcg g0% Calcium 32mg2 92% Protein Sugar Alcohol Og Includes 6gga gAdded SUGARS 12% almonds Total Sugars cashews dietary yFiber2 7% Total Carbohydrate 13g 0% 5 Sodium 50mg 2% Founder Cholesterolo KIND Omg 0% Lubetzky, Daniel Monounsaturated Fat 6g yours, polyunsaturated WORK Fat the Kindly make Trans yor Fat 0go deommunity a bra just and @not KINDO Saturated fmind make dFat of live to 2.5g work, we way 13% Total regoalis the Fat1 ,to 111g our .From make, impactful. o 14% socially I DELL"
72,46.jpeg,"8200 312-024. www.yxbar.com RABARI fingredients of Quantities 412Wells chicago, street, 60654 ,IL Insurgent distributed by' wheat. and brands ,soy Co. sales milk, tree peanuts, processes a in facility Manufactured contains: peanuts. Eggs vary. may color and Cocoa Natural Flavors, Salt, Sea pieces contain hard May Dates, Chocolate, Egg Peanuts, Whites, sunlight direct of pout Keep place. ,dry cool, in store ingredients: on BEST"
73,47.jpeg,"bioengineered food ingredient chtains Kellogg Co. ONA 0021 @ Kellogg Sales Creek, Battle CO., by 49016 ,MI Distribution: is> INGREDIENTS SOYI TAND WHEAT NS CONTAN awax,b ,carnaubav ,yellow6 ,blue2 blue 5, e,yellow5 _yellow5 ,red4 40, 5lake,y 2. I 5 lake,y 401 --ded 2lake bllve21 nitron ngum,y s,>anthang yellow6 land lflavors, ,natural lecithin, lyson radded, 6lake dartificial DATEM, ,colora teghtin,c lactyrate,9 stearoyl I,sodiums oil, kernelo dpalmk shydrogenated phosphate). monocalcium dpyrophosphate, macidp a,sodium SADA,S ,cornstarch, working leavening (baking _salt,c fcocoap 21 aprocessed insmodified dwith thalkali, 193S Ip CLEAN 2.2% Contains2 a tose. ,dextras sinness), ires for TBHQfofo (with soybean syrup,s oil dpalmo and acorns syrup, corns fr sygar,c actose high su icacid), ]folica bolavin] flip B1 B2 vitamin mononitratel [thiamin vitamin diron, ,reduced -niacin, (wheatf utflour, edflour( erients: Enriched ingred %officium Numend I Vit OMIELSYOUH Lue.DVTen 1//Value TREXIVAL CATING DRRADE SUNF 0mg serving pers Cholest. polich ENOUGH. warm until EIN TIMEIL a SAT 1.hersecondsa Fat2 370 Monounsat. Calories GOODNESS. FROSTY SINSTRUCTIONS THAT AICROWAVE enjoy 3g Fat3 Polyunsat. reeating. MINUTES. (96g) LETCCOL 1201 before 2Pastries wait .size serv.s FREEZER. SETTING. pouchinr LOWEST TOASTON PUTF Fat0g Transf container gper EHEATING. RINSTRUCTIONS BEFORE 1servingp FREEZER POUCH removerromp STACK... Sat.raiso .ORS FREEZE. .ORF TOASTERINSTRUCTIONS HEAT. Facts ORIF OEAT! TO READY & FULLY TAKED VITAMINS 3B OF ource FLAVORED NATURALLY CHOCOLATE BUTTER PEANUT BARS CRE EAMY CRISPY Wafer I and the"
74,48.jpeg,"0.930 ARTIFICIALLY 30Z(2 2(269) NETW TWT ARTIFICIALLY HERRY LAGAN PEANUTS. PROCESSES MANUFACTURED INAFACILITY YTHAT CONTAINS: WHEAT, MILK, SOY FLAVOR, BAKING SODA. PGPR &ARTIFICIAL SALT, ,NATURAL YEAST, 2% CONTAINS (SOY), lecithin OF: OR LESS PROCESSED ALKALI, KFAT, MILK WITH FOOD1 MORE DINF -800-468- OIL) KERNEL BUTTER COCOA COCOA HERE SCAN VEGETABLE FLOUR, PALM TOIL,' (PALM OIL smart INGREDIENTS: CHOCOLATE, SUGAR, WHEAT ers roduits tus Nestle at Visit www.hersheyland.com S.A. or www.askhershev.com 800-468-17 or Questions comments? End at dTeara t.Flapa and ift TOOPEN: Protein 5mg 15mg 1% 0% say the SUITING ony uuto ouyars nuuvu ITOL V/V via"
75,49.jpeg,"ARTIFICIALLY 02(269) 30Z(2 0.930 artificially FLAVORED WT NET CHERRY CHERRY LOND The 1asung chew@ LEND The tasting NOW. Part PIECES Water 1ater HASTING LONG POTASSIUM I 21:39 2025 IRON, e:07. CALCIUM, vitamin SUGARS, 3303 209 ADDED FIBER DIETARY CHOLESTEROL FAT, trans FAT, SATURATED SOURCE www.mentos.com A nog.nota COLA SIGNIFICANT PROTEINO ALCOHOL SUGAR sugars g(%dv), Og, <1g( CARB total CALORIES 3to2 FROM REDUCED DV) 9(% momg( SODIUM 0g dvff (0% FAT TOTAL BEEN PIECE SIZE Has THIS calories RSERVING: OF AMOUNTPERS (0.79). PIECE( CONTENT CALORIE DMINTS. SUGARED SIZE serv.s SERVINGS 30.3 FACTS nutrition CALORIES than FEWER 35% y41018. ERLANGER KYA USA MELLE PERFETTI MADE IVAN FOR TURKEY OF product PHENYLALANINE. CONTAINS PHENYLKETONURICS: RIBOFLAVIN with: 1LAKE, COLORED BLUE EXTRACT vtea greent SUCRALOSE STEARATE, MAGNESIUM ASPARTAME, FLAVORS, artificial SORBITOL INGREDIENTS otokoma www.technoaplin breath clean minutes FOR3 R30 minutes BREATH provide CLEAN HELP *proven ITOI mentos 30. 1be10 LONG ULTING crew@ low Relax NOW-ID Later PIECES LASTING Later LONG ARTIFICIALLY CHERRY the case POW Later MEXICO TOFN PRODUCTOR 1202020 FERRARAC RACANDY COMPANY IL60607 reompany, CANDY SYFEHRARA by _DISTRIBUTED"
76,5.jpg,
77,50.jpeg,"CHERRY tane 12STINE caew CHERRY the 1000 ISSIMO sew DELPLER PIECES lasting NOW-121 LONG LATER 2:07 2025 potassium. 21:39 2091 3303 SUGARS VITAMIN DICALCIUM, IRON CHOLESTEROL www. DIETARY FIBER, v.mentos. s.com ADDER SOURCE of SATURATED fat, trans fat, <1g, ALCOHOL PROTEINO nog NOTA REDUCED ASIGNIFICANT FROM TOTAL 43TO2 CARB <1gli CALORIES 1gl1%dv, OF SUGARSO 0g, this SUGAR"" SIZE total Og fato piece CO(P HAS dvff BEEA SODIUMO momg( 9(0% SUGARED DVT mints. I PIECE (0.79.a calorie AMOUNT NTPERS CONTEN SERMING: 35% G-CALORIES FEWER CALORIES THAT NUTRITION facts: OF SERVINGS: 30.3 TURKEY o-serve SIZE made FOR PERFETTILVAN MELLE USA riboflavin ERLANGER KY 41018. PHENYLKETONURICS: :CONTAINS STEARATE PHENYLALANINE SUCRALOSE, PRODUCT GREEN TEA EXTRACT BLUE 1LAKE, INGREDIENTS: COLORED SORBITOL, FROWNIER with: artificial FLAVORS, ASPARTAME, MAGNESIUM clean BREATH FOR3 R30MINUTES MINUTES/ PROVIDE CLEAN BREATH mentos 30.) *PROVENT AON HELP the IV siasines Water PIK NOWA LAST LONG CALTER and From: <ARTIFICIALLY on, CHERRY I FLAVO AALL> Demand 1ater"
78,51.jpeg,"mms.com Visit a -7852 Call 1 is -800-627- m&ms Comments? or Questions INGREDIENTS FOOD BIOENGINEERED contains j07840-1503 ,njc USA HACKETTSTOWN CONFECTIONERY WRIGLEY ILLC, US, MARS BYT DISTRIBUTED TREE ENUTS CONTAIN MAY peanuts, SOY AND MILK contains INFORMATION: ALLERGY ACACIA guma freshness, maintain TOIL PROPYL gallate WAX, CARNAUBA lake, 2 BLUE 5 lake yellow blue lake yellow 6 5, lake, 40 red BLUE YELLOW 6 -1 40, 1LAKE, red BLUE (INCLUDES colors DEXTRIN YELLOW SALT flavor, NATURAL SYRUP CORN OF: THAN LESS DEXTROSE; CORNSTARCH OIL, KERNEL palm HYDROGENATED OIL) palm PEANUTS. (partially BUTTER defat PEANUT SUGAR FLAVOR) NATURAL SALT LECITHIN SOY MILKFAT if PEANLY LACTOSE milk chocolate BUTTER COCOA (SUGAR CHOCOLATE MILK INGREDIENTS: (4% dv). Potas. dv), (4% iron dv), (2% Calcium I a (0% 5g, Vit.D dv), Protein dv), 42% SUGARS Added 21g 229 (Incl. Sugars total dv), (7% 2g Dietary Fiber (910V), Carb 26g Total <5mg DV), (4% 95mg Sodium 'ov) 11% cholest. do, (18% Trans (40% 8g Sat. dv), Fat DV), Fat Total Fat Amount per serving: 14g Calories pack, 240 Serv size: nutrition Facts GUM STOP rese"
79,52.jpeg,"a a mms.com m&ms Visit 7-7852. 1 Call 1-800-627- Comments? or Questions USA j07840-1503 and INGREDIENTS food HACKETTSTOWN NUTS TREE sell YUS, BIOENGINEERED contain YCONFECTIONERY' .MAY CONTAINS SOY SWRIGLEY CAND MILK DBYMARSV SPEANUTS, DISTRIBUTED ACACIA guma contains OCOLATE BLUE lake freshness, YINFORMATION: 2 BLUE MAINTAIN ALLERGYIL lake 5 eton gallate YELLOW propyl YELLOVE LAKE, 40, 6 AWAX, Real* 'RED :1 yellow ILAKE,' carnaubav lake BLUE 40 (INCLUDES RED blue 5 than COLORS the Yellow 6 DEXTRIN, LESS MARS SALT DEXTROSE: NATURALIFLAVOR. CORNSTARCH N'SYRUP, oil, CORN the KERNEL defat OF: palm (partially HYDROGENATED butter oil) PEANUT PALM SUGAR, PEANUTS, FLAVOR) PEAN NATURAL SALT lactose MILK LECITHIN SOY chocolate MILKFAT butter, COCOA (SUGAR chocolate MILK INGREDIENTS: dv). '(4% Potas DV), (4% Iron dv), (2% <UKN>Calcium (0% Vit. 5g, dvi. protein dv), 42% Sugars gAdded 21ga (Include 22g Sugars 2g Total Fiber 9(7 Dietary DV), dv), PRO% <5mg the Sodium 26g Carb. 95mg dv), (1% Total (very, (18% dv), Sat. Fat 18g (40% Og, cholest. Trans DV), Fat a Total amount tper. serving: Calories t 24 14g pack, Ser revutrition a Facts GUM GUI"
80,53.jpeg,"mms.com Visit Call -7852 1 -800-627- Comments? Questions or m&ms CONTAINS BIOENGINEERED FOOD INGREDIENTS DISTRIBUTED byi MARS WRIGLEY colate CONFECTIONERY YUS, HACKETTSTOWN ILLC, only j07840-1503U 3USA ALLERGY INFORMATION: CONTAINS PEANUTS milk cand al. soy MAY CONTAIN * TREE NUTS. carnauba AWAX, PROPYL GALLATE TOIL maintain freshness, guma ACACIA ars 6 yellow 5 BLUE YELLOW RED 6 lake 40 LAKE 5 yellow LAKE 2 BLUE lake BLUE OF: corn SYRUP natural FLAVOR, DEXTRIN, SALT colors --1 S(NCLUDES BLUE LAKE 'RED 40, YELLON peanuts, OIL) PALM HYDROGENATED PALM OIL, KERNEL CORNSTARCH DEXTROSE; LESS THAN MILKFAT SOY LECITHIN NATURAL SALT FLAVOR) peanut SUGAR BUTTER (partially DEFAT INGREDIENTS: CHOCOLATE (SUGAR milk COCOA BUTTER chocolate lactose milk PEAN its (2% Calcium DV), Potas. (4% Iron (4% DV), DV). 21g Sugars, Added 5g, Protein 429% DV), (0% Vit. DV) I 2a Dietary total (9% Sugars dv), (7% Fiber 22g (Incl. <5mg votal Sodium dv,+ 95mg dv), (1% Carb. (4% 26g (18% dv), Og, Sat. Trans 8go ""cholest. (40 Fat Fat dv), Total F Amount per serving: Fat Calories 14g 240 pack, Serv Size: Nutrition Facts the kicubes GUM"
81,54.jpeg,"please recycle G462321 <UKN>2022 2CC 24 GCC# 40002053 San Leandro, ,CAS 94578, U.S.A. Best BEFORE ghirardelli iChocolate Company Manufactured by 47599 41871 ycontain Mayco intreen nuts. preserve freshness), ,salt, t,vanillae aextract. foregano, of extracts flaxseed dgreen plum, tea( ,and (to sodium salt) soy citrate lecithin natural flavor condensed ,sugar), dmilk( palm k(milk,s (cream, butter moil, syrup, ,corns butter ,unsweetened sweeter chocolate etened Ingredients: COCOA Sugar powder whole milk a rgeneral dayis calories ghirardelli.c used is advice nutrition for a serving a d-contributes daily to ffood of 2,000 diet. nertineer I PROGR SOURCING VISIT mucha you hanutrientin uhown tellsy VValue DAILY 0% the ARMING minister sustainable AND COCOA 105mg Potas. Iron 0.2mg INGREDIENTS 92% OUR ABOUT g0% INFORMATION MORE FOR 50mg 4 Calcium 0mcg 90% Vit. QUALITY ULTIMATE TO ) 2g Protein commitment OUR 32% sugars Added 16ga Includes 19gg Sugars total 4% a Fiber Dietary 8% 21g ORFLANOR Carbohydrate CONCHE total FOR 2 50mg sodium 2% 5mg Cholesterol FFINE 0g Fat Trans BEMIGONINGS FOR 30% t6g Fat Saturated 13% 10g Fat total Value* Daily % OAST ...MICHAGARI stnibs FORIA 170 Calories SERVING tper Amount TRENSIT SELECT (35g) high QUALITY squares size Serving BAR TO container BEAN sper FROM servings DIFFERENCE ghirardellid THE Facts 1852 Nutrition SINCE FRANCISCO SAN person"
82,55.jpeg,"G462321 `24 30- 09 recycle please Before #4002053 Best C.GCC#4 2GCC.G @2022G U.S.A. A94578, ,CAG Leandro, 4759941871 Company, SanL Chocolate GHIRARDELLIC by Manufacturedb eenuts. intree laycontain Mayco laextract. INVANILLAER ,salt, (to tea freshness), d.green preserve ,andg d,plum,a 0,flaxseed,p oforegano, of flavor natural extracts lecithin, soy citrate sodium (cream, salt) butter oil palmoi My,sugar), ((Milk, dmilk etened sweeter condensed dchocolate, T. ,unsweetened syrup, CORN cocoa powder, butter, /sustainability milk whole SUGAR ghirardelli.com/straf Ingredients: advice. alnutritiona VISIT general dforg."" sused is SOURCING 2,000 adayis a diet. calories adaily a to PROGRAM d.contributes SUSTAINABLE HPHINGPOP food anutrientin of aserving a AND a mucha uhown you INGREDIENTS etellsy VValuete OUR DAILY 0% COCOA *the ABOUT 2% INFORMATION 105mg MORE POTAS FOR 0%0 0.2mg Iron 4 50mg4 Calcium go% DOmcg Vit. QUALITY ULTIMATE TO COMMITMENT OUR 2g Protein 32% Sugars GADDED 16ga Includes s19g Sugars Total 4% <1g Fiber Dietary 8% 21g ORFLNOP conchefo Carbohydrate FOR total 2 50mg sodium 2% 5mg Cholesterol at0g TRANS Fat RESINE EFORS parkings 30% t6g Saturated d-Fat6 13% 10g total Fat Value* Daily 0% LSD ROHINTERER STNIBS FOR Calories 170 serving Amount tper squares Serving (35g) size LECTH servings container per cthigh COLLEGES BAR TO BEAN FROM nutrition Facts difference GHIRARDELLI THE 1852 ghirardelli SINCE FRANCISCO SAN OF"
83,56.jpeg,"the one Calcium g0% DOmcg Vit.DO 2g protein 26% Sugars gAdded s13ga Includes1 on the www.lindt.con W 16g SUGARS sustainability total LINDT 0 03885 ,NH Og Fiber STRATHAM, Dietary )INC. (USA) SPRUNGLI & 6% LINDT 16g ABY: USA THE PIN Carbohydrate manufactured total 1% SWITZERLAND I KILCHBERG IAG 30mg SPRONGLI & LINDT sodium CHOCOLADEFABRIKEN E it 2 N A R CA U G Y 5mg QUALITY Cholesterol 03885 ,NHC Og Stratham, Fat Inc./ TRANSF (USA) & 30% Spriingli yLindt dby 6gg DFat Manufactured Saturated 3% 130 10g Fatt total Value* Daily % 160\ Calories serving per Amount enuts. treer contain May (29g) 7pieces( flavor. size Servings artificial (emulsifier), container sper lecithin servings 4.5 /about soy milk, skim ,milk, butter Facts cocoa Sugar INGREDIENTS: nutrition dfinish. a refined with chocolate white y-smooth Creamy Chocolate White CRECIPE classic ingredients.` quality finest and chocolate tasting best only using the recipes Swiss traditional to saccordingt Chocolatiers Master Lindt the crafted dbyt expertly been has RECIPE CLASSIC Lindt RECIPE CLASSIC of Lindt chocolate smooth CREAMY the Discover FLAVORS GREAT THESE TRY T4amazn) NETWT4 NETWI4 MILKCHOCOLATE MILK<HOCOLATE HAZELNUT MILK RECIPE LASSIC CLAI RECIPE classic Lindl Livell"
84,57.jpeg,"MAD the INFOR PLEMEST BEST BIPEI9 BYAN Sender: INGREDIENT. FOOD BIOENGINEERED A CAUSA NUTRITION, QUEST URIBUTED SEGUNDO, EL ,LLC, Dbyo 888-212-0601 90245 QUEST ,CA9 INUTRITION, >In POPPY LLC - processed ALMONDS, A DIN S:MIK, THAT FACILITY ,soy. CONTAINS: IREE PROCESSES ALSO NUTS. PEANUTS, WHEAT, other ,AND LECITHIN RAND/OR (SUNFLOWER CINNAMON LECITHIN), SOY SALT BAKING SODA, ZOIL, PALMINERNEL stevia SUCRALOSE SWEETENER, This .XAN CONTAINS GLYCERIN. less THAN FOLLOWING: THE OF 2% chocolate NATURAL FLAVORS, WSWEETERD SOLUBLE ABUTTER, COCOAB CORN FIRE vvhlet ISOLATE, (Milkprotein PROILIN BLEND protein Message-ID: ALMONDS, Rennie, ;WITER, % DV % DV carbs Fiber 1zg Sugar a Alcohols Net Carbs"
85,58.jpeg,"the SFAT Trans 13% edFat2.5 saturated 6% 4.5g Fat Total Value* Daily % 120 Calories serving tpers Amount (279) 1bar( gsize Serving container sperc Oservings 10 FACTS nutrition DINGREDIENT food bioengineered contains 37315 tntn3 COLLEGEDALE <750, box7 P.O. 02021 02013- Foods mckee ENUTS. tree OTHER CONTAIN MAY WHEAT MILK, EGG, ALMONDS PEANUTS SOY COCONUT CONTAINS INFORMATION: ALLERGY CARRAGEENAN SUGAR SALT LECITHIN SOY SORBITOL MILK DRY NONFAT WATER OILS SOYBEAN AND KERNEL PALM DEXTROSE) FLOUR WHEAT MALT BARLEY SALT WHEY SUGAR FLOUR (RICE RICE CRISP SYRUP, CORN whites), EGG FLOUR SOY ALMONDS PEANUTS STARCH CORN SALT lecithin, SOY MOLASSES HONEY COCONUT, SYRUP CORN OILS SOYBEAN AND KERNEL PALM sugar OATS GRAIN ROLLED (WHOLE GRANOLA ingredients:"
86,59.jpeg,"OUESTIONS FOR SORG COMMENTS SCONTACTUS 650 1261 W FARMINGTON CTUSAT: ,UT 1T84025 ANDERSEN'S CRAZY CANDY dryp AND place. consumea EAFTER OPENING. lyFun storage SEALEDA KEEPS DANDS YCandyFir dstorein azyc: inac ACOOL contain CHEWY HARD OR CANDY PEANUTS, NUTS, MILK, EGGS and soy MAY a FACILITY MADE THAT MAY YALSOP PROCESS Candy! PleatC COCONUT AND/OR (WITH SEED PUMPKIN PUMPKIN PISTACHIOS, SPICE) WATER PEANUTS, PECANS SALT SODA, BAKING (MILK), CORN BUTTER SUGAR, SYRUP INGREDIENTS: treat advice. general Inutrition for used is dayi calories t.2000 diet. a contributes daily to of serving food in anutrienti a vmucha howr you tells (DV) Value Daily % The partyin in nyour rmouth potassium ,and iron, calcium vitamin a of source significant cholesterol Not ofextref flavors 0% Protein stogetherin in Sugars Total 14g dofs fside 3% eeffect: Dietary Fiber lock wasa a % crazy 20g Total Carbohydrate Nered % dthat their sodium 125mg I ""Fun 3mg Cholesterol Trans Fat Og % Saturated Fat 8% (Fat 5g Value Daily of server rving Abouts 3 138 3sorvinos sper. containar lag) Nutrition PEANUTR BRITTLE Facts JOLLYI will tepperm FABU I"
87,6.jpg,"a I up WAFERS GOYA GOYA GOYA Re: GOYA GOYA GOYA GOYA the the 1C nov/27/2024 ERS querometer allong to GIELDER CLAMBIN APPLES ARMOD OCONUT Apr located the man a RAUTH LEARN NORAL the the Antes /Consumir United BestBy/ Echenoz considerations 21 bioengineered Contains www.g w.goya.com gredients. Ingre ldry storeinacoold RENI conservar RYPLACE OYFRESCO. SECOY enlugar CONTIENE: TRIGOYSOY\ leche PUEDECONTENER brasil. DE PRODUCTOD DISTRIBUTED C11P1-60618436001.70 by/distribuido afoods, GOYAF por: CITYNJO7307 JERSEY ,INC, JUSA ACIDO ru, GIKICOPARA afrescuk etrigo, adet HARINA almidond LECMINA demaizoalmidon LEUDANTE adesoya SAL deyucas I (BICARBONATO other DE RARTIFICIAL SODIO) COLOR SABORA CARAMELOYATO. flavors! ingredientes: crazil. ACEITEV :AZUCAR PRODUCTOR LACEMEDE evegetal palma ACENTEDESOYA INTERESTERIFICADO Y/0 hidrogenadoy PALMITATO tbha, CONT ascorbilo DEA BHT, alfa-tocoferoly FLQUR, ""YUCASTARCH, COPNSI leavening SOYLECTHIN SALT, MCHORY bicarbonate) (SODIUMB artificial randa colora CARAMEL LFLAVOR, DANNATTO. contains: wheat nmilk. containi SOY.MAY tands Try THESE ingredients.s S:NGAR HYDROGENATED VEGETABLEOILIPAL I RINTERESTERIFIED DAND/OR soybean OILWITH BHT tbho, PALMITATE ASCORBYL alpha CITRICACID tocopheroland FRESHNESS), FORF wheat consejo general nutricion. dela por serving por porcion *Elporcentaje lava indica Diarioi Valor de cantidad nutriente unn de enuna alimento de porcion contribuye POLICE al dieta una aseu dias calorias 2,000 diaria. para utiliza el calories Daily 9% *The 160 tellsyou Values how Calorias nmucha anutrient serving ina oas off toad contributes ffood calories daily day diet. general is 2000 nutrition for used advice. D Vitamin Vitamina 0mcg D 0% Calcium/ 4mg Calcio Iron/ 0% Potassium 6 0mg Hierro Racion 27mg /Potasio 90% 90% wafers(32g) serv. Size wafers(32g) I Protein 1g Proteinas a Aprox.45p Raciones sodium 55mg sodio Incluye Azucares 14g Anadidos About servings 14.5 Cholesterol colesterol Omg 0% Sugars Includes gadded 14g 28% Trans /Grasa Fat/ Trans 0g nutricion Totales SUGARS Total /AZUCARES 14g Saturated Fat/Grasa 3g saturada Fiber/ Dietary 15% Og dietetica FIBRA 0% Datos Total Fat Grasa Total 18g de 10% Carbohydrate Total Carbohidrato 23g 8% Nutrition Amount/s /Serving Facts por /Cantidad Racion Daily Value* */% Valor diario* Amount/Serving dpor /Cantidad Racion Daily Value* Valor Diario would Univ run AUTHOR out"
88,60.jpeg,"DINGREDIENTS DFOOD USBNGIGING IS,LC 3USA RYUS,LI -1503 CONTAINS j07840-15 I,NJ YCONFECTIONERY SWRIGLEY HACKETTSTOWN SOY YMARS\ TANDS DIBYM STRIBUTEDB \,WHEATA DISTR SMILK, CONTAINS YINFORMATION: ALLERGY C'ACID, cream CITRIC EAM' MILKFAT. parsley, CULTURES FLAVOR, BUTTERM NATURAL YLECITHIN, SOYL TEXTRACT, k.k, YEAST ,WHEY, CACID, SODIUM SODA Ari (BAKING PWROPHOSPHATE/.LA FAID LEAVENING MILK skim LESS THAN DEXTROSE, SALT; N2% 00FC CORNSTARCH, MODIFIED MALTODEXTRIN PRODUCT DAIRY SOLIDS OIL, PALM FLOUR WHEAT INGREDIENTS: advice. Inutrition general for used is dayis a calories 2,0 diet. to a daily contributes serving Pass of ffood in nutri a you much uhowr tells yValue (DV) Daily olo The <UKN>Iron 0.6mg Potassium 120mg Vitamin Domcg 0% Calcium 40mg Protein me."" TM Includes 0% gAdded Sugars Total Sugars time Dietary Fiber 0%0 Total letes snack edp sodium alcurenydrate2 dpretze\ 20g 350mg jilling Cholesterolo 15% ginside long Trans Fat table! a 0go 0% Arich rings Saturated the"" ""Fatz use whole 5grad Fat Total COMBUT dressing Calories PRETZEL Amount per spaily traium ""serving Serving size )Oz about servings"
89,61.jpeg,"the would in into I (O ,Inc. 2015 America, North SUNCHIPS.COM by owned frilly-Lay FINDU ON registered USC are cathening Chip the and cmanwrexp 4-4099 X75024-4 SUNGARIPS 0.Tx7 JINC. punanc PHILO-LAV.IN TINGREDIENTS. SWHEATIN CONTAINS DSALT. RANDS SUGAR, BROWNF IRICEFLOUR, WHOLEOATF TFLOUR, EWHEAT L.WHOLEW OIL, ECORN, SUNFLOWERAND/ WHOLE CANOLA INGREDIENTS: general advice. Inutrition used doral is salt dayish calories diet. to 2,000 daily contributes food _of aserving a in a nutrient Imuch you show )tells (DV) Value %Daily *The 0% 70mg Potassium 2% 0.6mg Iron 0% 10mg Calcium 0% Omcg Vitamin 2a Protein 40% Sugars gadded s2ga Includes > 8% SUGARS Total a 7% Fiber 19g Dietary % carbohydrate Total 0% 110mg sodium omg cholesterol 3% Og Fat Trans 8% 0.5g Fall Saturated Value* daily 6g Fat do Total 140\ calories"
90,62.jpeg,"a 28400"" NORTH O 2021 HAMERICA INC. PLANO, IFRITO-LAY TX 75024 -4099 FRITO-LAY ,INC. CONTAINS MILKA KANDS SOYIL Yingredients. LACTICA CACID DISODIUM INOSINATE, AND guanylate DDISODIUMG SKIMN MMILK, NATURALA LANDA DARTIFICIAL flavors. POWDER GARLIC COLOR R(YELLOW6 6 6LAKE, YELLOWS 5LAKE,Y 5. YELLOW5 YELLOW6 CHEESE CULTURES, SALT ENZYMES), CITRICA Cacid, ARTIFICIAL ENZYMES), MONOSODIUM GLUTAMATE BLUE cheese (MILK POWDER CHEDDAR CHEESE (Milk, CULTURES, CHEESE SALT, DEXTROSE, WHEY whey CONCENTRATE, PROTEIN ONION SUGAR IMALTODEXTRIN( CORN), FROM N(MADE LECITHIN, SALT SOY INGREDIENTS: OIL. CORN STARCH, CORN POTATOES, dried advice. Inutritional calories rgeneral a adayis dforg sused is a in 2,000 a diet. to daily aserving deontributest of ffood nutrient 1a The mucha you of uhown Daily )tellsy yValue (DV) potassium 220mg iron 0.3mg 0% Calcium 10mg 0% Vitamin Omcg Protein dsugars gadded Includes Total Sugars 20 Dietary FIBER 229 Total Carbohydrate Sodium 250mg omg cholesterolo Have dFat1 Monounsaturated 2g Fat Polyunsaturated Trans 0gg Fat Saturated 0.5g Fat the TOLA!"
91,63.jpeg,"AMERICA, ,INC. HOTHA FRITO-LAY 02021 X5024- a TX77 4-4099 PLANO, INC. FRITO-LAY, MILKA KANDS DSOYIL CONTAINS YINGREDIENTS. DISODIUMIL Cacid, inosinate LACTICA UMGUANCATE E,ANDI disodium NATURALANDA LICPOWDER, SOMMILK DARTIFICIAL SHIMMI Lflavors, garlicp 6), lake YELLOW5 LORINELLOW6 5lake,y 5,VELLOW6 COLOR E,yellow5 5 SALT enzymes), SECULTURES artificial CITRICA cheese CACID, MONOSODIUM GLUTAMATE (Milk, BLUE CHEESE enzymes CHEESE (MILK cheddar CHEESE SALT, CULTURES, POWDER, PROTEIN WHEY WHEY ONION concentrate, DEXTROSE EFROM N(MADE CORN), SALT, YLECITHIN, SOYL R.MALTODEXTRIN SUGAR, CORN POTATOES STARCH, DRIED VOIL, CORN INGREDIENTS: general Inutrition for advice. used dayis is calories daily diet. decontributes 2,000 food OFF aserving a in much Thown syou nutrient )tells (DV) Value Daily % *The 220mg potassium 0% 0.3mg <UKN>Iron 0% 10mg <UKN>Calcium 0% Vitamin Omcg protein sugars Added 1g Includes 3% Sugars Total Dietary 5% Fiber Total Carbohydrate 22g 8% sodium 250mg 11% Cholesterol Omg 0% Monounsaturated 1.c Fat Polyunsaturated Fall"
92,64.jpeg,"America, yNorth a,Inc. Frito-lay 2015 owned by trademarks sunchips.co are registered Configuration PS.COM FINDUS and US the Chip SUNCHIPS SON: TX77 x75024099 PLANO, FRITO-LAY INC. CONTAINS SMILKANDV DWHEATI TINGREDIENTS. CITRICA ICACID, D,PAPRIKAE AEXTRACTS, S,ANDL DLACTICA CACID. NATURALFLAVORS, CORNO NOIL,S SPICES( milk, S(INCLUDINGJ KCHEESEC GJALAPENOP OPEPPER), ECULTURES, SALT,E I,ENZYMES), )WHEYP YPROTEING NCONCENTRATE, MALTODEXTRIMADEF DEFRO WCORN), )ROMANOO DEXTROSE, ocheese (PART-SIP T-SKIMC MCOW'S E,BUTTERMILK, SALT, ONIONPOWDER, whey,y ,YEASTEXTRACT, T.CHEDDARC RCHEESE( E(MILK,0 wheat, CHEESE ECULTURES, ,ENZYMES), SALT T.BROWNR INRICEFLOUR, WHOLE EOATF TFLOUR, SUGAR INGREDIENTS: OPOWDER, TOMATOR whole ECORN, ISUNFLO LOWER RAND/OR CANOLAOIL, WHOLE calories dayi is used in a for general advice nutrition aserving OF ffood contributes ""The% 2,000 ydiet.2 daily of Daily yValue (DV) )tells nutrient syouh vmuch shown Polssium.9 90mg 0% /ron0 2% 0.6mg 0% CALCIUM 10mg Vitamin 0% Omcg Protein Includes 2g Added Sugars Total 8% Sugars Dietary Fiber 2g 70% Total 19, I carbohyd drate a a Sodium 140mg Chole Omg erol one 00% Oa atureat"
93,65.jpeg,"inc. SMARTFOODS. @2023 75024-4099 PLANO TX7 SMARTFOODS, ,INC. FOR MANUFACTURED SANDT PEANUTS CONTAINING TREEN ENUTS. MADE TTHATI IEQUIPMENT TMAKEST EONE PRODUCTS CONTAINS INGREDIENTS. SMILKA KAND OS0YIL ASCORBICA (ANTIOXIDANT). CACID (ANTIOXIDANT),AND ACIDS, EXTRACT ROSEMARY FATTY SOFI DIGLYCERIDES ,MONO- TRIGLYCERIDES, -and CHAIN BUTTER COCOA MEDIUM CREAM, BUTTERMILK V(MADE IMALTODEXTRING CORN) EFROM ,MILK, MACACIA GUMA LECITHIN, ,SOYL SALT FLAVORS, NATURAL ALKALI), WITH PROCESSED FCOCOA OF 2% THAN LESS ,ANDL SYRUP, CORN AOIL, CANOLA POPCORN, SUGAR INGREDIENTS: advice Inutrition rgeneral for used calories dayi is 2,000 : ydiet. daily to Icontributes serving a food ine of nutrient much how you Isllsy Value (DV) % The Daily 0% Potassium 30mg 0% 0.3mg Iron Omg Calcium 0% Omcg Vitamin 0% less than Protein Includes 12g Added Total dSugars Sugars 24% 12g Dietary TYFiberle rless Total than1 3% the carbohydrate2 sodium6 7% 20g 655mg 3% Cholesterol0 0%0 010mg Trans sFat0 3% Saturated Fat 0.5g Total to Ifat OT"
94,66.jpeg,"INC. SMARTFOODS, @2023 <75024-4099 LX7 PLANO, INC. SMARTFOODS, FOR MANUFACTURED ENUTS. TREEI SANDT PEANUTS CONTAINING PRODUCTS TMAKES TTHATN IEQUIPMENT MADE EONE INGREDIENTS. DSOYIN KANDS SMILKA CONTAINS O(ANTIOXIDANT). CACID ASCORBICA AND (ANTIOXIDANT), YEXTRACT( ROSEMARY ACIDS, FATTY OF DIGLYCERIDES -AND ,MONO- LYCERIDES, TRIGLY CHAIN MEDIUM CREAM, BUTTER COCOA BUTTERMILK CORN) FROM !(MADEP ,MALTODEXTRIN( ,MILK, MACACIA, GUMA LECITHIN, SOYL SALT, FLAVORS, NATURAL ALKALI), WITH (PROCESSED FCOCOA 60F 2%00 THAN LESS ANDL SYRUP, CORN AOIL, CANOLA POPCORN, SUGAR INGREDIENTS: advice. Inutrition rgeneral for a calories used dayi is 2,000 2, : diet. daily to deontributes aserving a ffood in Of nutrient vmuch yowl you tells (DV)t Value The of Daily 0% Potassium 30mg iron 0.3mg 0% Calcium Omg 0% I Vitamin Omcg Protein less than Includes 12g gAdded Total Sugars dSugars 12g 24% Dietary yFiberle erlesst! )TotalC sthan1 3% <UKN>sodium6 arcarbohydrate2 20g m65ing 7% 3% Cholesterolon Omgille Trans 0%0 s-Fato 0go a Saturated 3% dFat Total 0.5g 6 /Fat6 8% logs Value Daily % 11:1 you"
95,67.jpeg,"FRITO-LAYING 2023 INORTH smortates HAMERICA, LXIN <75024-4099 PLANO, AINC. INC FRITO-LAY ONATURAL AND FLAVORS. POWDER CORN VPROTEIN, HYDROLYZED POTASSIUMS salt, garlic MONOSODIUM POWDER, ONION GLUTAMATE DEXTROSE FROM (MADE MALTODEXTRIN CORN) SALT SUGAR SOYBEAN AND/OR CORN, SUNFLOWER OIL), POTATOES INGREDIENTS: VEGETABLE CIL (CANOLA advice generaln Inutrition contribures calories adayis foodc 2,000 adaily susedfol is dfor ydiet. you aservingo in anutrienti vimuch uhown )tellsy (DV) YValue Daily % *The of a 15% Vitamin 6% 340mg 15% 900mg 6% potassit 0.5mg 6% 1.4mg Iron 2% 10mg 0%/ 20mg 0% Calcium 0% Omcg Omcg 0% Vitamin 5gree Protein 3% edSugars 2gg 1% Addeds incl. 3g alSugars Total 12% in 39 yfiber 5% Dietary a 7 I 41g 15% 159 POP"
96,68.jpeg,"fina Smorlder FO-LAYN YNORTHA HAMERICA, DIBRITON A.INC. X75024099 <Of LX7,7 @ PONIO' INC. RATO-LAV, N,AND/OR soybean,a SUNFLOWER CORN ROIL),ANDS DSALT. INGREDIENTS: VEGETABLE POTATOES, OIL (CANOLA general Inutrition advice. a dfor sused is adayis a contributes calories to food daily 2,000 ydiet. his aserving a tinas anutrienti much syouh The uhown YValue % Daily )tells (No sugars. source fadded significants BOTA 15% 6% Vitamin 15% 920mg 6% Potassium 350mg 8% 1.5mg 29% Iron 0.6mg 0% 20mg 0% 10mg Calcium 0% Omcg 0% Vitamin Omcg 4g Protein 2g 1g Sugars Total 13% 4g 5% 1g Fiber Dietary 15% 40g 6%9 Carb. 15g Total 19% 440mg 7 Sodium 170mg 10% 0mg Cholesterol 0%0 Omg rat 1070"
97,69.jpeg,"wolld will FRITO-LAY YNORTH Stop ,TXT 5 HAMERICA 75024-4099 PUAID INC INC. FRITO-LAY, SMILKIL KINGREDIENTS. contains 5) PROTEINI ,WHEYP YELLOW5 NISOLATE,AND DMILKPI KPROTEINC CACID, LACTICA GARLIC ENZYMES), NCONCENTRATE. CPOWDER,A RARTIFICIALC LCOLOR( SKIMI MILK, CACID, R(YELLOW6 BLUE I cheese CITRICA E(MILK,c cheesec CULTURES,S BUTTER SALT, (CREAM, SALT), lactose SODIUM caseinate,y E,yeaste TEXTRACT, BUTTERMILK, SOUR flavors, CREAM (CULTURED cream, SKIMM MMILK, POWDER, MONOSODIUM GLUTAMATE onion NATURAL LANDA DARTIFICIAL CHEESE CHEDDAR CHEESE (MILK WHEY CULTURES, SALT ENZYMES), MALTODEXTRIN SUNFLOWER ROIL) AND/OR (MADE SCORN), FROMO SALT, VEGETABLE OIL POTATOES INGREDIENTS: SOYBEAN, (CANOLA CORN advice generalr Inutrition dfor sused is adayis calories 2000 daily contributes ydiet. food 01 aservingo a tin a anutrienti vmucha uhow you Isllsy (DV) Value *The Daily % sugars. fadded source significant <UKN>Not 15% 6% Vitamin 15% 850mg 340mg 6% potassium 6% 1.4mg 0.5mg 2% on 40mg 10mg 0% 0% alcium Omcg Omcg 0% Vitamin (Sugars protein 3g Fiber 12% Total arb, 4% 3g 5% Q the DISTAYF 389 20% ""I 6% rota on ""ourng 10"
98,7.jpg,"per serving/ 8/por racion asesoramiento de nutricion general calories/Calorias Eli Valor % hecho le Diario EN indica (VD) canada un cuantou nutrientee Curel una porcion de alimentos contribuyea IN MADE aunad CANADA dieta Daily *The diaria. Value % 2000 Ocalorias you tellsy (DV al uhown se aldiase much apara eutiliza hanutrientin tina aserving BOX goffoodc crackers wrapper contributes soe galletas adaily (16g) ydiet. 2,000c ocalories INGREDIENTS sadayis derived is a froma susedfor Inutrition general BIOENGINEERED advice. PAPER SOURCE Vitamin serving PLASTIC d/Vitamina size/ 0mcg e/Tamanop por g0% Calcium/ RACION EAST n/Calcio 0mg HANOVER ,NJC 6 g0% J07936 iron/Hierro SUSA 0.8mg O. 94%0 Potassium/Potasio MONDELEZ 20mg cerca ZGLOBALL ALLC g0% de RACIONES 14r spore ENVASE Drop-off contiene: TRIGO. about protein/ store servings 14 proteinas per sodium/ /sodio rcontainer/ 135mg CEBADA 6% MALTEADA, bicarbonato DES SODIO,' incluye LEVADURA ASSIONS 0gave canola gazucares ACEITE Anadidos Cholesterolesterol DEPALMA Omg SAL Clean 2 marina Dry SAL, HARINA nutricion non-snob ADE 0 IVITAMINA B2), Includes acido Recycleit oga folico), aceite Sugars gAdded DE SOYA trans Y/0 fat/Grasa MONONITRATO DE Trans tiamina 0% sog ALVITAMINA B11, RIBOFLAVINA HARINA DE TRIGO, total Sugars/ niacina /AZUCARES HIERRO total log REDUCIDO Datos Saturated INGREDIENTES: de dFat/Grasas HARINA Saturada ENRIQUECIDA 0g SIN 0% BLANQUEAR dietary Fiber/Fibra CONTAINS: dietetica WHEAT. 0g Total fat/g /Grasa 0 total 1.5g 20 Total nutrition END malted NDIAS habiles BARLEY FLOUR facts/ Carbohydrate/Carbohidratorato BAKING soda Total YEAST. 12g Amount tper serving/ SOYBEAN 4 L. >In ollamea NAND/OR /Cantidad 1 EAL, canola por oil. RACION 1-800-622-4726 palm OIL, SEA salt %DV*//% OVD* salt, IVITAMIN Amount B1), tper serving RIBOFLAVIN www.s VISITE: dpor Cantidad w.snackworks.c B2<UKN>, SVITAMIN s.com racion FOLIC acid), FLOUR NIACIN, %DV*/% VD* REDUCED iron, THIAMINE MONONITRATE OR CALL INGREDIENTS: weekdays:1 UNBLEACHED S:1800-622-4726 ENRICHED FLOUR WHEAT VISIT www.s SAT: TUSA N.SNACKWORKS.C c.com C, a jut spirint PEAN Newsgroups: are 11 LOTV, CAKESTERS spaces OREO he. grikesters more On IREO"
99,70.jpeg,"AMERICAN NORTH AINC. 2023 FRITO-LAY ,TX PLANO 75024-4099 FRITO-LAY, ,INC. Fritolay CONTAINS SMILKING KINGREDIENTS. POWDER, SALT), RICE )DISODIUM MGUANYLATE,AD E,andd ANCA cacid,a ARTIFICIAL DISODIUMININ LCOLOR( IMINOSINATE. RREST hake) SALT ,xanthang ELFERMENTED gum, edeap CAROBB BIBEAN EAPROTEIN reum), makim EN/PEAPR EXTRACT MMILK,M EAPROTEIN, T,SODIUMD K.MEDIUMCH DIACETATE, MCHAINTR cream CHEESE UNTRIGLYCERIDES. S(MILKAN monosodium lkandc DCREAM,C GLUTAMATE, M,CHEESE.CU chilean SALT, SE.CULTURES, onion cheese POWDER (MILK, cheese buittermik CULTURES YEAST ALT, ENZYMES), SALT, natural ,WHEY _SALT,S Lflavors, I,spices, SUGAR, SOUR CR is (CREAM,S skimm mmilk.com POWDER CULTURES), RHOTS cheddar TSAUCE( (AGED and CAYENNE PEPP PER, RINEGAR,S R,salt,G T,GARLIC), SUNFLOWER POTASSIUM ROIL), MALTODEXTRIN( N(MADES CORN),A all ),ANDL IDLESST STHAN2 OFF 2% OFGARLIC mononitrate RIBOFLAVING FOLIC CACID) vegetable OIL L(CORN,C canola and/or ingredients: ENRICHED CORN NIMEAL CORN WIMEAL, FERROUS NIACIN SULFATE TRIMIN calories day is used for advice general nutrition a in serving UTO to JOFF food 0000 contributes dally The % nutrient : Daily Value you Imuch tells (DV) how Nota sugars. source significant added 130mg Potassium 2% 0.6mg 0% ling 0% N1g 3% o"
100,71.jpeg,"a ,2 a The northa HAMERICA, 2023 A,INC. FRITO-LAY PLANO, ,TX7 '75024-4 4-4099 FRITO-LAY INC. contains HILKIN RICEP UKINGREDIENTS. Fritolay CEPOWDERS R,SALT,D majica icacid,a _DISODIUMG D,ARTIFICIAL.COM salt, GUANYLATE, ALCOLOR EXANTHANG E,ANDID' (RED4 INGUM,C 4011 EXTRACT,S DISODIUMIN hake) M.CAROBBE T.SODIUMDI bbeang MINOSINATE gummy )FERMENTED IMDIACETATE,C MONOSODIUM DPEAP ,skimm E.creamC MMILK, cheese EAPROTEIN GLUTAMATE MCHEESE IPEAPR (Milk,c K.MEDIUMCH SALT, CHAINT chileans EAPROTEIN, CHEESE SEMILKAND.CO T.WHEY,S SALT, exp,s cream.c CULTURES.S ONION TRIGLIGEROES POWDER T.SPICES,S M.CHEESE.CU salt,e hots NPOWDER,B S,SOURCE otsauce SECULTURES, TENZYMES), CREAM( sunflower cagedcar BUITTERMIKY ROIL), NATURAL M(CREAM,S CAVENNERE YEAST mmmm neredpe MONONITRATE flavors, MMILK,C INALTODESTRIANS EDPEPPER. SUGAR, ((Made ENGREDIENTS.E K.CULTURES), R.VINEGAR,S ABIBOFLAVING DEFROMC R,salt,G cheddar folica CORN),A S:ENRICHED T.GARLIC) ),ANDL CACID) DCORN DLESST ,POTASSIUM MEAL STHAN2 vegetable.o calories a OIL N2%0 in (CORN a OF day (CORN, INMEAL, GARLIC is _FERROUSS canola aserving ""The susedf for ssulfate, AND/OR dfor food ENIACIA, its daily rgeneral TIMAMIN YValue nutrition Nota distributest to (DV) advice. )tells daily syouh diet. uhown 2,000 significants much a source nutrient potassium Iron added i30mg sugars. 0.6mg calcium1 10mg Vitamin 2.% Omcg 0% Protein 0%0 Total Sugars less Dietary than yFiber Total less than1 10 sodium 3% Carbohydrathan 10g"
101,72.jpeg,"so Inctaaram: OfficialRapsnacks twitter: Organization: Email: RESTAURANT Miami, I.FL3 33131 #600 1538 E EFFLAGIERS St RAPS SNACKS SINC. DISTRIBUTED BY abioengineeredf dfoodit dingredient. Containsa MILK CONTAINS: dcoloring[ eand spicea g[containst orcolor,sp sturmeric),' for salt. ;malic i,spice, cacid,' disodium #6, yellow# guanylate, disodium ninosinate, e,annattoer ],disodium phosphate, icacid] toextract natural& lactic artificial flavor, ,FD&Cy Cyellow# #5, 5,FD&C glutamate, honion monosodiumg powder, r,paprika, a,buttermilkp <powder, r,butter[ [cream, C,CHEDDAR dextrose cheesep epowder[ [cultured dmilk,s ,salt, t,enzymes), ,wheyp ]salt, ypowder, COFFEE ,cottonseed canola, i,soybean, ,sunflower), cpdq.c qcheddars seasoning (sugar, INGREDIENTS: S:Potoes, or ,vegetable ((may oil NONE ycontain rmore of following: fthef nutrition advice. food contributes a stop daily calories 2,000 diet. dayi visi rgeneral susedt dforg *The of Daily Vaiue a a you stells (DV) umuch yhowr nutrienti in of aservingo Potassium 320mg 15% 810mg 6% <UKN>ron 0.4mg 6% 1.0mg 2 calcium 12mg 2% 29mg 0 Vitamin Omcg 0% Omcg 0% Protect I Inc..a 11% 2g Sugars Added 4% 29 Total Sugars 10% dietary 1g 4% FIBER 14% 39g Total Carbohydrate 6% 16g 27% 620mg 0% soo 250mg 5mg man"
102,73.jpeg,
103,74.jpeg,"are a &Brazily it product of\ erand Castrons fVietnam, pumpkin India Seeds. Pistachio Subject: Walnut), Please Pecan, P Peanut Philawforks COCONUT Cashew, coe-mailus) CORN illusyo Nut Macadamia Wheat your Tree I'Soy, Nut, Nuts I Milk (Almond, on 3880936 BRAZIL equipment Manufactured 1.2 shared dwith contain occasional alnuts Mayc utshell pieces. CASHEWS, contains: MILK. Gum. Xanthan Inosinate Disodium and Guanyiate, spice Dehydrated Flavors Garlic Founder, Citic Dextrose Acid Dehydrated ergiants; Jays So Onion, Natural Starch, aySchuler Food White Distilled Vinegar), Vinegar Powder (Maltodextrin, Modified (Canola and/or Sunflower), salt, Whey COLA INGREDIENTS: Cashews, Vegetable ouf Oil for buying nutrition advice. GIANT from our lood contributest advs sto daily sused1 sadayisu caloriesa ydiet. ""for 1.2,000c orgeneral family to % Daily ""The mucha hanutrientinasers uhow syouh Value tellsy RIDE) gof 760mg 4%\ 190mg Potassium 16% 8mg 11% 44% STING 2mg Iron gcashewo wont then 80mg I 2% 6% 20mg saasoning. Calcium -Giving Omcg 0% 0% Omcg combines them Vitamin with Stakes NTST 20g these 50 delia 0% 0% Protein 0g tour 129 d<UKN>sugars loyalf fans. shewis Added Incl. 4g 4% ciants Megs 14% ffering Sugars Total 40g 19 contin asquality 4% 15% Fiber ledications 1009 dietary 1400mg that bter, 15% 610 1% 350mg1 SENERATION Omg Carb. CUSH 0% 0% total 0mg us sun seeds king sodium 6.59 Og welective dFat absolute 2.59 cholesterol do Schule dFat newsreader Bob Monounsalerated 10g 13% DISTRICTS 50% llthea 2.59 sall goesa polyunsauralovapoa 48g 15% 62% 12g 5at exception DV* diFat % The % Trans 6DV* saturated the [Fat the I 150 600 fotal Per serving container Per r25 FORE: before ories 4a"
104,75.jpeg,
105,76.jpeg,
106,77.jpeg,
107,78.jpeg,
108,79.jpeg,"a a Newsgroups: and ORAN IN, the a ATTE a the a and and a General I a I and a the and I the and a a a"
109,8.jpg,
110,80.jpeg,I the a and the COMMONWEALTH and OTEL the CLOSE a The TANGLED I the the I the I the a >In CS I and is I been a the the a it a the a I the I the the the any I a I the a the is a I I ALL is the I the a I the I I a is
111,81.jpeg,I and and CTR sed no 10:10 soft TOWN 177LJ Sender: it FIRY x045 1:07:44 the the a is 10:07 tasses and Since I a Message-ID: Taniko I CHORE and the zagarro the who SULVE WASHING cocacola is LARYLON the FREE and BTS the FORTFOLIO the edition I and Inc companion and and the in bohonic
112,82.jpeg,
113,83.jpeg,
114,84.jpeg,the 18 week the COMMONWEALT the and a the the the and cliners the and and it the the and and Subject: I and the I REMISSION 11) the the the the is a I
115,85.jpeg,
116,86.jpeg,
117,87.jpeg,
118,88.jpeg,a a I 13) into BAEM TBA General a and Cola is jsb akery seen FORUM a the Rell VALA A the offer orta ATC Pote Cola ostr off STEALTH per true COLA COMMONDA and the salt NOLLAND off Pole the I and * all Salem I I the : it NOTHEMIC CONTENTIONAL it the was DISCONTENTIONS the the
119,89.jpeg,a a I 13) is BAEM team COMMONWEALTH a and Cola is jsb akery seen FORTER the a Rell VALA A the offer orta ATC Pote Cola ostr off STEALTH per and COLA COMMONDA and the is_ NOLLAND of Paleo the I and * all Salem Date: I the : it NOKEN the CONTENTIONAL the who CONFECTIONS the the
120,9.jpg,"RECYCLE please THIS carton when you call. you have pockage the with DISTRIBUTED kraft by COMPANY FOODS theinz PITTSBURGH Monday 152222 PA Friday and 1-800-892-2401, coll Please CONTAINS: wheat, milk. your comments. SALT TMETHYL welcome products. cellulose .we citric potassium ACID CHLORIDE ammonium CHLORIDE spice EXTRACT yeaste NATURAL FLAVOR highest-quality calciuml LACTATE) INVERT water cane SYRUP culture OF oleoresin FLAVORING PAPRIKA providing to SODIUMA ascorbate the SODIUM anitrite bha citric BHT CACID) SAUCE (WATER tomato paste INVERT is syrup cane committed Ore-Ido MODIFIED starch food PEPPERONI milk, skim made WITH chicken pork kand [PORK MECHANICALLY separated chicken salt Quality contains pledge fporks LESS or KSTOCK, OFF $2% dextrose spices lactic starter ACIDS THIAMINE IRON MONONITRATE. riboflavin, ACID) FOLIC TOPPING BLEND (CHEESE [part-skimi MOZZARELLA CHEESE CULTURED part-skim enzymes) salt milk modified Ore food INGREDIENTS: lda starch BAGEL halves (wheat tflour, water CONTAINS than sless OF N2% following the ginvert tcane SOYBEAN YEAST SYRUP SALT OIL EASCORBICA ENZYME ACID NIACINO REDUCED"
121,90.jpeg,"- - I I Ho, a : YELLOW # YELLOW >it SOYL YLECITHIN calcium CARBONATE, AGAR-AGAR, MONO AND XANTHAN diglycerides, gum, SORBITAN SODIUM BENZOATE MONOSTEARATE (PRESERVATIVE, CITRIC Cacid (PRESERVATIVE) CORNS (PRESERVATIVE STARCH dextrose WHEAT FLOUR, malted I contains BARLEY LESS flour THAN 2.% OF NATURALIFLAVORS EACH OF THE FOLLOWING FRACTIONATED SALT palm SODIUM OIL, PROPIONATE WATER DICED PEACHES SUGAR FOOD MONONITRATE STARCH-MODIFIED RIBOFLAVIN (CORN) FOLIC ACID) HIGH FRUCTOSE INGREDIENTS: CORN syrup ENRICHED PALM FLOUR OIL (WHEAT FLOUR NIACIN REDUCED pers Iron serving I the THIAMINE calones 2000 the 10TH you"
122,91.jpeg,the the a the the the the and the a the it the the 11 1010 and entrance oil rare and 181g the the was the the the and and in is IUM the the the G.SE 2% adidas the HEOSE Electric a GREDIE SOUTH DLIR 12:04 treth the part police the you GILLETTE the I is6 STEP a is6 1 the but the and
123,92.jpeg,stessbrate AV the a to I I the the I a I the a I 2 Salem the
124,93.jpeg,
125,94.jpeg,and probably and been I a the the a a the I and Subject: a and I is a a me
126,95.jpeg,I the the and I the and a the the
127,96.jpeg,CORN I you Head the the Newsgroups: a seems and I and I the the I a I and I I the I
128,97.jpeg,the the 1993 ugar the the
129,98.jpeg,5 very I coin Windows COMMONWEAL LORTINESS STRUCTION Banks the and to the the the a HORTICAL TISS 2 the n and Nntp-Posting-Host: a the flour I the the DISCONSITIONS coin a is is the Distribution: godgets OPEN the a the its the and and is and van and LATO a consideration ivn Fujit Sender: and CONGRATURAL Mac is toad and 11:19 2000 DESIGN is' the The STEP TOTOROPIC godgets BLEMBER is SCOTT and sins Subject: a Sender: office MOTER can 1 colgate for state DEPT logs and CITY fight I a of the tourister a I I I the the the the the companies and COLLED Distribution: I I cocacola
130,99.jpeg,
