Image Name,Extracted Text
47.jpeg,"CORMAN
TRL AMY

GNamer & ~SCUKRCE OF 3B Vit ; aie 5
ALY \.KED & READY To Ep AMILNS

R HEAT. Op er vy a > .
TOASTER METRUCTI N . Pol to EEZE. OR Stacy 5 ae ca — SA .
] RENOVA Loe BEFORE HEATING, | BUT DRIMSTRUCTIONS | serving per container
\. 10 (7OL BEFORE EATING. 2. WAIT 20 MIN a Serv, Size 2 Pastries (9) — Polyunsat
cr""AVE INSTRUCTIONS 3. ENJOY THAT FROSTY GOODNESS ae
fg(SSECONDS AT A TIME IN Calories 310 Monounsat. Fat 2
LL WARM ENQUGE ——— Cholest. Omg
ESS TAMAR T Sei en Nis nV
— Mit D Denon 1%» Palen

fi/4'%* ents: Enriched flour (wheat flour, niacin, refuced iron, vitamin By {thiamin monontae, vam
AI bree! Hae acid), $1 gar, com syrup, high fricto’2 com syrup, bi. and palm oil RH fe
iy | (NESS), CBX ase.

they 2* «163s of cocoa processed with alkali, odified ” ich, salt, comstarch, leavening (baking

""8, SOO uid pyrophosphate, monocalclum phosphate) ..jurogenated palm kernel ol, sodium stearoy
| eT ‘iN, Color added, Soy lecithin, DATEM, natural and artificial flavors, xanthan gum, yellow 6 lake,
Cara ‘040 lake, yellow 5 lake, yellow 5, red 40, yellow 6, blue 1, carnauba wax, blue 2.

| er ‘S WHEAT AND SOY INGREDIENTS.
4 i by Kellogg Sales Co., Battle Creek, MI 49016

21 Kellogg NA Co.
hioengineered food ingredient

—_ a
__—

WNeTeRTRA TT TT GT ie

=e

\
"
109.jpeg,"p UNBLEACHED ENRICHED FLOUR (WHEAT FLOUR, NIACIN, REDUCED IRON, THIAMINE MONONITRATE 4000043
.Y{VVTAMIM 81), RIBOFLAVIN (VITAMIN B2}, FOLIC ACID), SEMISWEET CHOCOLATE CHIPS (SUGAR, CHOCOLATE, COCOA —
Poa rar ETN SUGAR, SOE AOR ANOLAOL, ALM. HEH FRUCTOSE CIS LP visit us ate

LEAVENING (BAKING SODA, AMMONIUM PHOSPHATE), SALT, NATURAL AND ARTIFICIAL FLAVOR, CARAMEL COLOR, facebook.com/chiy

~ cet See ae

COATED PAPER

WRAPPER TRAY G smortiobei”™ ae (

ih
He
f i vy
—_ *
"
51.jpeg,"D cane’ | O
GUM

e@

ee — Se hk

?

; Fe ar oe: : 2

We ujtrition Facts soa
/, mount per serving: Calories 240, ° vack> ee NNS
(18% DV), Sat. Fat 8g (40% DV), Trans Fat Og*t=*Srest.

Fae | <omg (1% OV), Sodium 95mg (4% DV), Totai Carb. 26g

(ve WV), Dietary Fiber 2g (7% DV), Total Sugars 22g (incl.

Bh

my
{

my

ae
an

.
eI *
t

21g Added Sugars, 42% DV), Protein 5g, Vit. D (0% CV), E =
Calcium (2% DV), Iron (4% DV), Potas. (4% DV). =

ReNaaganannnnemnniii

"
92.jpeg,"v 3 ‘
: li weag SSO ROL, (zozm . GLZz99 Baer 3 SPURIg S
my SLNgigqygy) 0004 O2U3ANIONZOIG SNIVING,_AVAHAA‘AOS Sng

‘Vag ANNINVEND YO109 WAD 3sorAra39 wag uy “SAWAZNA ‘IDV SIULID ""NIULX3O '3SOULKIG hg ,
NOjqget@yy WNIA0S JLVAHOS Wriggyigg ‘aay INOS) AALWABASAYd 'NIHLIOA) AOS “LVS “SIVHdigy nan
ONy gar Wed 297 VOOS ONIYWE ‘quyngsoHdOUAd OLIV WAIOS 'MOAVIS IVIDUILYY ONY WHOM eaqyaadKI9l0
Ny

Noig yNOld AVS Q3LIVIIA “WW AwO LWINON ‘NIHIDAID 'TIWYIV HLIM G3SS390Hd VO909 ‘SS3T 0 At SNIVINGI
‘ty

\ezaeas NO VANGIN Wivd C3LVNISOWOAH “WO Wivd “WIV “(OISY OMOd 'NIAVIIOSIY 'JIVULIAONOW INIWVIHL
SAQA WO ANSNS SHOWA 'NIOVIN NOTA AIIHVE GRLIVW ‘HNO LWIHMA) UNO OIHDIYN ‘¥¥INS ‘SINFIOIYIN?

w~Oon Suv ing P@PPW Bez
Fs z “BOE Biareias

"
125.jpeg,"& £ a

ee —————

Se Dd? > presinetintine es
:
breathsav

Peppermint ee RAZINi
4tfeas lh WA :
NATURAL & ARTIFICIAL FLAVOR uses INL ULM Ad

a=, and baking soda to
4 + 4 ©) U » reduce intrinsic bad breath
y % for up to three hours.

40% 10 nk sugared mints. Calories per piece reduced from /to5.

Nutrition Facts siz sense min 9 cee

Calories 5, Total Fat 0q (0% DV), Sodium Smg (0% DV), Total Carb, 2g (1% D

Sugars 09 nc 0g Added Sugars, 0% DV), Sugar Alcohols 2g, Protein 0g. Nat a significant

of saturated fat, trans fat, cholesterol, dietary fiber, vitamin D, calcium, ron, and p potassium,
NGREDIENTS: SORBITOL: BAKING SODA; MAGNESIUM STEARA:E FS AN RANA eee L FLAVOR; ZINC
aoe E: MEDIUM CHAI TRIGL LYCERIDES; ARTIFICIAL COLOR (BLUE 1 LAKE]; POLYSORBATE 80.

TPHENYLKETONURICS: CONTAINS PHENYLALANINE,

rs Chae Hershey Company

Hershey, PA 17033-0815, U.S.A; Visitus at
Questions or comments? www.askhershey.com www.breathsaversmints,com ’ =

e | | | | | | |

0 °""34000°93834' "" 6
701-93833-005
"
84.jpeg,"| ees I ciciy worpee
97291, 242% 0 a S02LL AN 0) ISHOHNDNNYS AS

Tt 7 “wing eng ‘saddag pay
“ye pac ‘eG QUIN BUYNA PaLlASIC ‘(PILED ‘LO UED oSSwd ©

feumey ‘eyudeq wsaioajq‘tadday poy
‘anids ‘eins ‘es) eyelis ) edn

"
113.jpeg,"Moirtion Fa ering sz: tay wth sing (2), rate en Caloris 190, |
~ | Total Fat Za (7% OV), Sluratd Fat 3.50 (16% Di} Trans Ft Gholesterct Orig (0's OY}, Sodium i0oma wn MM, Wy
+ Fatal ar 291% 00, itary lei (0D tl Sagas 19 nc 18 ed Sugars, 37 DY, Poten< 1

PY ion 2% Mh Nota sian source of Ramin D Calcio, Pata sD = sD Val
t Cen ete ee A AE EAL PS

ingredients, Vanilla Frosting with Rainbow Chips: Sugar, nigh-Ffuctose Com Syrup, Vegetable Oi-(palm,
palm Kernel. ci, hydrogenated. alm oi, Som Starch, Water, Nonfat Dry ii; Slt Monoglycerides,
Pevsorbate Ot, Sodiut Stearoy Lactate, Sodium Aci Pyrophosnhate, Soy Lectin, Natural Aad Arica
Fiavor Calor (velow 5, red 40 lke; blue 2 lake, yellow’ tae, yellow 6 lake, blue { lake, yellow 6} Citric
Avid. Freshness reserved by Potasstum Sorbate, Wanita Cookies: Erviched Flour (wheal flow, niacin,
reduced iron, thiamin mononitrate, nhottavin, falc acid), Powdered Sugar, Palin Oi, Water, Whole Wheat
Flour, Salt Soy Lecithin, Monocalcium Phosphate, Baking Soda, Natural And Artfsial Flavor.

© GOFTAINS HILK, WHEAT AND SOY INGREDIENTS.

y DIST, BY GENERAL MILLS SALES, INC, MINNEAPOLIS, MN 55440 USA

Contains Bioengineered Food Ingredients
; 4 Y,"" Leam more at Ask.GeneralMills. com

Jag

ah | | © General Mills nme

: ae | 130 3434177103 i\'8 €
seas j PER SERVING GE

| 16000""28801°"" 9 ©

HETWT 1502 (42g) ° 0

"
105.jpeg,"a NUSIA Slane 2% VUR-) 1 ee
yoo sadeohpue MMM Fee etU0G ip su aK

4
gleacvows Ss

_79£-008-} 1122 40 is Ry
(ssesaGjun POO} S40W Joy 48 Urog

‘Ad CALNE sig
“WW 'SHIVINO9
__ SAV19 MOTISA ‘SHW1S MP 3 WNdS
TAV1 OF 34 ‘(HO109) LOvULYa Waa YOAV Thu.
‘Y3GMOd OMYYD ‘JIWNISON! WNIGOSIC “SAWTANWND
WMIGOSIC “S3CIHZOATIC ONY -ONOW ‘Omuvo ‘nys
‘YVDINIA ‘Y3dd3d 3NNIAVD 39H) 39NWS JOH ‘HYONS
YIGMOd NOINO “TY OIMLIO ‘(SSINHS3H4 HO4) DHL
‘BUVL30VIC WNIOOS ‘3sOuLad ‘UVWYLNT9 WNIGOSONOW
CUINM “HacOd ABYM 29 %2 NVHL SS37 ‘Coys
S30LVi9d ASW “CIO Osoi.U.i09 HO/ONY WT¥d) Tl
a WAVIS9SA * Was'NYOD MOTISA C3WH3930 ‘SLNSIGIHONI
*@OIADE UON""Nu peseueb
0} pasn S| ABP B St YOIED OO9'2 -y91p Ayrep B 0} SaINqUIUC Pooy
jo Buues @ Ul JUEL UB ONW MOY NOK sua} (Aq) anjea Aeq % SUL .
WNISSBJOd
U0J|

Hb IKE OP
Oz 95/%L BRI
OL
—— suel|
<7 gee
- 1e4 pajP.2S
a =

"
26.jpeg,"INGREDIENTS: DEXTROS:
ARTAR, CALCIUM SILICA

Nutrition Fac
50 servings per container
Serving size 1 packet (ig)
Amount per serving

Calories 0

% Daily Value
Total Fat 0g 0%
Sodium Omg 0%
Total Carbohydrate Less than 1g 0%

Total Sugars Less than 1g

___ Includes < 1g Added Sugars 0%
Protein 0g

Not a significant source of saturated fat,
trans fat, cholesterol, dietary fiber,
Vitamin D, calcium, iron, and potassium

EACH SERVING CONTAINS LESS THAN 4 CALORIES
WHICH THE FDA CONSIDERS DIETETICALLY ZERO

SUITABLE FOR PEOPLE WITH DIABETES
A GLUTEN FREE FOOD

CUMBERLAND PACKING CORP.
2 CUMBERLAND STREE!
BROOKLYN, NY 11205 USA

A.
"
129.jpeg,"OOIXAIN Naty

aiqepese OSE4IED GACY eseayd

‘""9zLb-ZZ9-008-b INaIGaHON! G003 GaYgTANIONTOIS ¥ SNIVING

“WOD’SYIOMYDEUS =IE SN IIA | VSN 9E60 PN ‘HAAONVH 1Sva ‘oT 1¥8019 TAIAONO)

(AOS “IWS ‘SNIVINGS
CNV TWHRINN ‘(Ssanusaya anuaSadd OL

JggaNHSaeH aNuISauA OL CA0CY (aJLrins)] ZaNOI UN-TINS ‘HON TWIOLY ONY
nYIN ‘AIWLOV1 Nida ‘vaOs SNDIva LIS 10 Wid WOON UO/CNY!

qaadv) LIVOZNIE WNIGOS NIHLOT1 AOS CEN OTN
uyaGhOS ‘HVONS LHAANI dNHAS NUOD (atoy 97104 (2a NINVLIAY NIAY-IOETY “The aye a NRL NOY,
yon “ANOT IVJHM NIVHO SIOHM SOW S124

ae NOVIN MIE IVGHN) HNO (SHON MaHOWaTIANG vons ©

3 Ee
ar Cu “(AG %0) GWA ‘6z WISI “(AZ %zE& ‘sueiNS peppy CF%, 4

a. : Bee NG Sooo ‘(Ad %G L) BLY a7 rIeL ODG 4 Supe’ e Gin 8

Bo wes seer “NG %F) f Le ALOS 6G) ar BN, / -—

4 PD Sa5as BS 7
MAO AS AT \ =.
i - - - .

“(ag %2) SeI0d “(AG %9) UOy ne %6p) Ungaro |

"
71.jpeg,"gp coaN M NEAL cont at — oa Att
> ps rer FOC ACID); \rb EGETNBLE QL (COR cc NOIR
- arent ny (MADE EFRON corn, A Y

BED PEPE we ac KHAN |

gnrone
Aaa oe Re creme St
SAll, ene
\ON

Wr gA picts
3

"
88.jpeg,"“71 ‘Spood WLP $0 yewaped} pasajsifiel & St @ALaxeG SIT | !
“ify dad Yd ‘fey |

ee 2208 Sh) au Kueyegsl/ mi» 01691 ‘spoo4 Wt Aq ape |
me ‘SINSICGYONI C004 GSHIANIONAOIS SNIVINOO
“AOS ‘LV3HM SNIVLNOO |

‘NIHLIOT1 AOS “OH MOTISA ‘G# MOTISA

5 YeVAISONOWN NYLIGHOS 'S301H20\7010 CNY “ONCH ‘YVOW-WYOV
‘QAUWAWSSAHa) OIOY SILI GALLWABSS3E

N UNOS ATTvE CAL WIN

M0 WIV Gal vNOLLOVES
NIAW TOSI ‘SIVULINONOW
YT GSHOIUNS ‘SLNaIGSYONI

SNIWVIHL NN
| tere xsranenr nt Pe eermenva secant ()G Buy
90 BULE WNISse}0d u0Go 2m
449} Buz YOu] © %0 Bug wmID}e) ° 0 gow guiweria (ZO p/GELt) ald bi)
te oi | Be WaNOld 9602 Suoeyumpog —-«Oz1S DULAOS hag
SHOGINLSE SALMO | 48S sreing poppy 562 SepNUL — Yo) Bud j0s8}S9/049 Jaule}uod
| | 60g, SONS [EIOL 6g 24 SUBLL yod BUIAJES | |g
\ Yel By seal Aieyaid Sb 6g 14 Palemes $}0e4
6g) 74 [e101
yA ORK wynsag us uo!}IA}NN

“a

| spiz 066 BRIDKYOWED IEIOL Iz

"
67.jpeg,"15%

, The % Daily Value (DV) tells you how much a nutrient in a serving of
| food contribu.es to a daily diet. 2,000 calories a day is used for
general nutrition advice.

INGREDIENTS: POTATOES, VEGETABLE OIL (CANOLA ;
CORN, SOYBEAN, AND/OR SUNFLOWER, Yi
MALTODEXTRIN (MADE FROM CORN), SAL FUSE ».
ONION POWDER, MONOSODIUM GLUTAMATE TT GARLIC |
HYDROLYZED CORN PROTEIN, POTASSIUM or""; ®°” jas
POWDER, AND NATURAL FLAVORS. A

FRITO-LAY, INC.
© 2023 FRITO-LAY NORTH Tagg 190)

"
30.jpeg,
31.jpeg,
89.jpeg,": oT ‘sp004 WI 40 Yewaped} pasasioal & S| @AaxeS SPT |
(266 Wwe OF UO) “By 1dad Vd ‘Seu
au’ Asayedsl[ MAM © g1gol vd 29 9T1 ‘spoo4 WLP ‘Aq epeW |
‘SINSICSUONI C003 (SUSANIONSONS SNIVLNOO ¢
“LOS ‘LVSHM SNIVLNOS |

‘NIHSIOF1 AOS ‘94 MOTISA ‘G# MOTISA

-{yYUVAISONOW NVLIBUOS 'S2CTAOATONG ON -ONOW ‘HVOW-WVOV

: AI yReEgala) CIOW JIHLIO.GALLWAWSSud) 41YOZNAE

SONY WEMIVN ‘UNO ASTHV CL TVA ef ls LYSHM ‘HOWWIS NU

UyNOWOHd WNKGOS ‘IVS “ONMOTIS 3 40 HOWa 40 %2 NVHL SS3

(yuo) GALIGOW-HOWVIS C004 WvONS ‘SdH ""WLM “110 Wid GALYNOLLOWES!
210 WiNd ‘dl¥AS NHOD 3S010NKd HOH AWHOSIH ‘SLVULINONOW
SMV NOH GZONGSY ‘NOVIN “unOTs IaH SHOIWNa_‘SINAIG

“Sange WON (evetiab 30 13) ep B SAO
|; viepraswansappoucsenvonur ou ini se AWE oll 6 fans

q

| TO DUE UINISSE)OG

| ogg) Bwz vos} © %H0 Bwg wnII;e) a0 Bown q uiweyA (ZO y/6ELt) ald F
: Bg UleIOld G2 BwgGh wMpOs aZiS BUIAJaS

| gga seins peppy Bez sapnpUL Ya) Bung jos83sa}0u1) Jaulejuod
60 24 SUBLL yod Bulnses |

| #3“

j Bog siefns (OL

rp ____ Boe sing Fo
ei 5) 20 Kad %Gb DEE at $}9e4

y (| Sl Ae A

\eqiz S65 aaesphyoued (ROL % B91 424 [2j0L
—— — uOI}IA]NN

i em
"
66.jpeg,"y | a“ Yo Daily
Vv

7 ~_ 4 8%
[| cal jr — ae

Ae - 30 =
\ ee — as 0
i A an \9

otal —zoral Sugal’ 29 0 age > 24%,
Includes 129 Aacey S
Protein /ess than 19

Vitamin D Omcg 4. :
Calc Omg

lron 0.3mg 0%
| / Potassium 30mg 0%
| °

/ * The % Daily Value (DV) tells you h
j in a serving of food contributes to per day eae
| calories a day is used for general nutrition aa

INGREDIENTS: SUGAR, POPCORN,
CANOLA
maa LESS THAN 2% OF COCOA PROCESS
L!), NATURAL FLAVORS, SALT, SOY LECITHIN.

GUM ACACIA, MILK MALTODEXTRIN (MADE
ere: COCOA BUTTER BUTTER, CREAM, sole
ae Y - fr cael DIGLYCERIDES OF FATTY
‘SCORMMERCD ANTON T (ANTIOXIDANT), AND

CONTAINS MILK AND SOY INGREDIENTS.

MADE ON EQUIPMENT THAT MAKES PRODUCTS
CONTAINING PEANUTS AND TREE NUTS.

MANUFACTURED FoR

SMARTFOODS, INC.

ae TX 75024-4099
2023 SMARTFOODS, INC.

"
128.jpeg,"SINAIGIYONI 1V3HM SNIVINOS

LOVYLXA LIV ONY ‘uyNoguyaig
WWY ‘dNYAS NHOD Livs ‘(

V 130818 “SLVULINONOW NIWVIHL ‘Now! aaonaay

MIN BOT WAHM) YNOTY C= HOIUNG SINAIOaEDNN

‘SOIAPe UOIINU jesoUab 10) Pas,. ~ Aep e sauiojeo

OulAas e u!
© Wis Allep & 0} Sa}NgLIUCO poo} Bu ape
st uonw mo! NOA s}j9} (AQ) anjeA (eq 9% 2

ale
ald

"
70.jpeg,", 0%
iota sium 130meo =
a 2%

asignificant source of added sugars

) % Daily Value (DV) tells you how mu :
\ )a sé ing of food contributes to a an wa
| glories a day is used for general nutrition advice.

See ENRIGHED CORN MEAL (CORN MEAL, FERROUS SULFATE, NAL, il ).

SONITRATE, RIBOFLAVIN, FOLIC ACID), VEGETABLE Ol (CORN, CANOLA, ANDIOR f°

NFLOWER OIL), MALTODEXTRIN (MAD' CORN), AND LESS THAN 2% OF GLC
wneR HOT SAUCE (AGED CAYENNE CR VINEGAR, SALT, GARLIC), POTSSIN
REAM, SKIM MILK, CULTURES), CHEDDAR

47 WHEY, SALT, SPICES, SOUR Ct
+ ~AR7YMES), NATURAL FLAVORS, SUE

MEESE (MILK, CHEESE CULTURE.
"" a GLUTAMATE, CHILEA) AL! ONION POWDER, se ee |
SECT SODIUM DIAGETATE, CREAM \ “EES wl No ENE at
\ eae AOE,
. PO LOR ~ 40) LAKE), FERMEN re reat J
‘POWDER, SALT), DISODIUM e{JANYLATE, AND pISODIUM
IAS MILK INGREDIENTS.

RITO-L ea 099
ae : Eon Y

©2023 FRITO-LAY
ORTH AMERICA, 'NC

i
"
27.jpeg,"ENGLISH
BREAKFAST
BLACK

TEA

ingredients:
Black Tea.

Distributed by:

Ronnoco Beverage Solutions
618 S. Boyle Ave.

St. Louis, MO 63110

“FOUR FILLED CIRCLES ARE EQUIVALENT TO
ONE 8 OZ. CUP OF COFFEE

pepcon¥ AG LS34d Et

"
104.jpeg,"g-} })}22 40
voreutioser | sett JO} 3194 ULIS

‘ONI ‘VOINAINY HLYON Ay7- Titre

: 6 ON _A
INI ‘AW-9 in

| ‘SHOAVTY TWURLYN any
QITUVD “LVS WNISSVL0d 'NIzLOud Nog daz
ASOULAA 3.¥iNVLIS HnIGOSONOW ‘uaanOs CN
Livons “LIVS ""(NHO9 Wows Saya) wiursen mo
(110 YaMOTINAS YO/GNY ‘nYagAOS my
loNvo) 10 S18VL393N ""S3ouM1Od ‘SiNaigay

‘SOIADE Ug
| hep ® SeUO|eo ggg‘ AMIN fesaua6
jo pues @ ul ueUInu B vpn aoe mt era 19 p09,
rita CS UL,
Gh be

[049}S9/0y4

“= SUG
=

_
~~
- “2 wa

®

c
a
-

8i |
"
112.jpeg,"= cine! 19

Dial Sugars 9%

Incl. Added Sugars {1g 2”
Protein

Vitamin D
Calcium
lron
Potassium

Nota significant source of Vitamin D. ;
‘ annutrient ina serving of food ,
cnt pang uo mc day is used for general — — :
Ingredients: Degermed Yellow Corn Meal, Vegetable Oil (sunflower,
Corn, and/or canola), Rice Flour, Dried Potatoes, Sugar, Salt.
Contain 2% or less of: Monoglycerides, Maltodextrin, Buttermilk
Powder, Onion Ponder Nonfat Dy Mik, Garlic Powder, Yeast tract,
Lactic Acid Citric Aci

3 Acid, Tomato Powder Soyy Cream (cream, nonfat dry
milk, cultures) Spices, Paprika Extract, Natural F]

avor,
CONTAINS MILK INGREDIENTS

DISTRIBUTED By GENERAL MILLS SALES, INC.,
MINNEAPOLIS M

»MN 55440 USA
Conan Bioengneered Food Ingreding Léam more at Ask GeneralMils com
PRODUCT OF CANADA

09 DEC 2023 OQ
18:23 P2

“abohyanate Choices: 1

BEST If Used By sl

"
85.jpeg,"‘NI WORN Ae

BaH

fs
Ay
eae BY
“ITS WNISSVLOd ‘NIZLO ' CAH Oe
*eOHLad ‘FIHINYLNTD WNIGOSONOW ‘H3GMOd NOING he
‘yvons ‘L1vS (NHOO WOH JQVIN) NIMLX3COLTWN _
(110 HAMOTANNS YO/ONY ‘NV3GA0S ‘NYOO
‘TIONV9) 110 F1aVLIIIA SSOLVLOd ‘SLNFIGIY9NI
‘@OIADE UONLINU jBeveb
Jo pasn si Aep~ sef40je0 000'Z ‘Jelp Ajrep @ 0} SeynquqLua9 poo)
jo Buyes @ UL’ .alJJNU @ YON MOY NOA sje} (Aq) ones % OU
SS a, ee
%Gl 069 0) UIWUell/\
G1 Hw006|}%9 Swope Wn|Sse]0d )
9 Buyt|ne woo)
00 —Swozlno Bue} DIED
Howgd (9 Bowo qd UIWEL!A
ge ba ulajOdd
i
syefng peppy IU!
—— gebing [OL
agg
eg th
__—unjp0s
ie
— i
"
93.jpeg,"a et

0% Omg 0%! tinct age —

-Addeg Sugars 9g 18%) rp
35g _1% 100mg 4% | Protein io
mais LL — ee nell i A
Omeg 0% Omeg 0% lron 0.5mg 25: |

40ma ae = ie

Omg 0% 14 Omg 0% Potassium 20mg O% am
nee lorena (OV ls 400 bey much a nutlentina ServINg of foog Contributes to > daity diet 20 : / of

a

SONO93S St OF ¢ 404 HTH NO lay qu ulddvun Way; We
HISS3G OTYOM-SIHI-JO-ING Ne HOd Shi

LObL€ JASSANNIY V90 0 fe

‘ON! ASV Woop

eT
S1UaIpaiBuj poo Pelsaulbusog Sup

fg ET LH anig ‘ayey ou MO|[9, “OYe7 ox Mop
S SIOARLY Peoun ty pure jeINIeN eg ‘Tepine Uy 3

eq Unelax ‘lo ueaqhas 19JEM ‘119 [Bway W/o a

J 426ng venuy (SouiAzu3 ‘poy a10 WMEYOO"" Bap Ui
‘npay ‘UDEIN Ino} HBUM) sno} payouu-<Aj5, 4 “oy §

< VO, is

&. ol
fh; fi

Pr» \
"
124.jpeg,"WP} FEUER CALORIES THAN SUGARED CUI, CALORLE CONTENT FR THI SEAVING SIZE HAS BEEN REDUCED FAK ES, |

v

Nutrition Facts Servings: 8, Serv size: 2 pieces (39), Amount per sering Calories 4)
Total Fat 0g (0% DV), Sodium Omg (0% DV), Total Carb 29 (1% DV), Total Sugars Og

\

(Incl Og Added Sugars, 0% DV), Sugar Alcohol 29, Protein 0g Not a significant source of
Saturated fat, trans fat, cholesterol dietary fiber, vitamin D, calcium, iron and potassium. DV=% Daily Value

INGREDIENTS: SORBITOL, GUM BASE, MALTITOL, NATURAL AND ARTIFICIAL FLAVOR, MANNITOL: LESS THAN 2% OF

ACACIA, ACESULFAME POTASSIUM, BHT (TO MAINTAIN FRESHNESS), BLUE 2 LAKE, CANDELILLA WAX, GLYCERIN,
RED 40 LAKE, SOY LECITHIN, SUCRALOSE, TITANIUM DIOXIDE (COLOR)

CONTAINS: SOY,

MONDELEZ GLOBAL LLC, EAST HANOVER, HJ 07936 USA
CONTAINS A BIOENGINEERED FOOD INGREDIENT
QUESTIONS? CALL 1-800-524-2854

www.dentyne.com

CONTAINS SPICY CINNAMON FLAVOR, IF YOU
EXPERIENCE MOUTH IRRITATION DISCONTINUE USE,

10258297 / 0405005039117

"
108.jpeg,"IRON, THIAMINE MONONITRATE

oo

SEMISWEET CHIPS (SUGAR, CHOCOLATE, COCOA ——
Sw A AL HIGH FRUCTOSE CORN SYRUP, visit u
PHOSPHATE), SALT, ARTIFICIAL FLAVOR, CARAMEL COLOR. facebook.co

or call
07536 USA a
FOR BEST WHEN US!
: PLEASE SEE DATE

L. gmartiobet”

TRAY
"
50.jpeg,"209 |- 3303
=:07.2025 21:39

———
a “is
2 0 Pe
we ‘}
/

L

"
46.jpeg,":

:
:
-
ww
wa
=)

47 Wedenniniomeana

A |

3

CVyyd:
"
115.jpeg,"aa
nel. S1g Added Sugars G1%,

or :
270mg 12% Protein2g

* Calcium 4% ¢ Iron 10% ¢ Potassium 2% |

Nellie tS ail 0 STARCH, FALM OIL, SA

aan
Wet < Nil j

a\*T

:
Ay
"
103.jpeg,"O23 pul
ADjOIl4y ap apy? 40 I!
sO?

ay 4 aad a
[HS

LLePr-7SE 00 - [e)
= 8 L nes d
uo!}e | [ 0. JOY ue Ss

JEQO)}OWS

‘ONI 'VOIUINY HLHON AVT-Ou nay
INI Vole 660b-bz0G7 x)
“ONL AW

C02

ON
“Oly

SYOAYTY TWERLWN any WMo4
ISSViOd ""NILONd NYOD U3ZN10u\y
oo ts Tint veniaoso NOW YSI0MOd me
'‘ITvS ‘(NHOD WoHY 3q DLW
‘YVONS ve ang 40/ONY NV38A0$ NYO)
A110 5 FO TIGVIISIA “SIOLVLOd :S4N-y
VION ne

03u9y)
ee

A SOIADE | dh! Ny Rau
sn S| ABP B S8U0IB9 000'Z Yam Aen ’ FY Mion poo,
pues & U WOU YN Moy no 55 nd) Sen hee eu)
jo

l = ‘ _
e bu006 2g
x _ Suvi
3 ouwOale
/0

"
98.jpeg,"==,

“SINJIGIHONI AOS GNV LVJHM SNiiy9
*pappe 10109 ‘| anid 9 oak ‘Oy ped “ulusid9} Aos 40109 PEN
syoreysui0o ‘wn6 weLyueX ‘J0}09 Jawlesed INO} Wve MoJJaA “Yoses Jeol Poult OWimas
‘ploe auto ‘(ayeydsoyd wntojedouowd ‘ayeydsoudosAd pioe Wnipos ‘epos Bulyed) fignes
‘soidde palip ‘Sueed pallp ‘SaiuaqMels pal’ * 42s youels JAUM JO $SB| 10 %2 Suey
‘yefins ‘(SSoUyseuy 40) HHO UM) Amer

pue-weaghos ‘esouxep cdnaks wio9 asojonuy yoy ‘dacs wi09 ‘(ploe 91104 [ule yoqu] ™ dieu

asm rnentoui IMILIEAUDL + UIWeWA ‘wou paonpad. Woe INCL ye94M) AN} pauowuy :spipard
as ""="" TZ
(gan ay OO U4 Siren lene Z son peven eng ensey usa POA
WU vy SOIR) CNY TAD ANG OL SOANGUIUOD | : nyo atlicded UE Huy)
mq Unee Ys iyo ty UU my TT ARABIID” aye nal Js assoc 0] a4 Sn aed poo pu oY AaLANYe m
es Wo tf UIE) AYER seus AAT Le
iad Ms yaa 104

of ""ySojely EFF |
wertld hf bw wsejely SLD at | ""SSANGOO9 ALSOUS LVHL AOCNA “£ uv: (ony fahonay
a Zye4 eSuNOuoW, “SALNIW OZ LIVM “2 LLas {S30 y/@aLSVOL |
gazaau4 NIHONOd Ind ‘L “ONILV? 40438 Hag KVINY |

NG AOL Hsp es Wesuniog (hse) | SNOLLONULSNI 83zZ49u4 — SNOILINY
AIG prysuy y UN, yOWIS YO 2ZIRz UO “AVIH HO WY. OL ACY
MCD TeVOL SSL OE yes Ws
TWINNING HLL___WHEYRAENOL

"
77.jpeg,"50vyg00k

=

agen | . 7 EP

ig z ‘ani ‘WOIYAIN

Ad ee / ONI YHLUON At7-ounua ough
YA] se” SOb-7COSL XA ‘Ohi?
us ONTAVT Oui

. ""SIN3IGIYONI yy
JIVUINIONOD NIALOHd YI ONY ‘ZLYT0SI NELOHg a vei

‘9 MOTTA) HO100 TWIOHILLUY UIGMOd OMTHY9 ‘AIOW D115} ra
IWS S3YNLIND 3S3SHO “WIIW) 3S3SHO JN TIN W top
POWHLX LSV3A ‘SIYNIASV9 WNIGOS ‘(I1¥S ‘WYSHO) Lt ing! i
OPIN WIS ‘WY4HO GSHNEND) WWaY UNOS STII: Ling
WOLILMY aNY THERLVN ‘AVIAN WniGOSONOW sagj
Se fivs ‘Sa¥niNd 3S33H9 MTN) 3S33H9 uyag e Na
CWS ‘NHO9 woud SQV) NIELXACOLIMW ‘Gig HIMOLN sae
nv'4GA0> NYOO ‘VIONVD) Tio FTTBVLFDAN ‘SIOLWLOd suai

40} Pash si fe bona 6 eo APE UONLINU feleuas
_ote pi aia aa
‘srefins pappe jo eomos ty
| a Re RR RRR d
%5 %9 — Far
oG, Bwdse!%o Bwove) seen,
9.9 6 Aw} |%o  Dws'y
~z  BWOY|%0 Swo/

%0 ~fowo|%0

<

WSL Be leg

Spt  Aesl%g
%0S SwOgrl%yg Hwogl
%0 6W0\%0

60 60

%Bt  Ooei%z. fic
WE Aczlner

+AG % +AQ %

A a

06E 091

efeyoed 46q | Buinsos 19q

"
61.jpeg,"walories 140
% lue*
Total Fat 6g Daily Va nd
Saturated Fat 0.59 8 ke
Cholesterol o.— —
Pe edie

lem 7 g ~~
Sodium 110mg —— —— a
Total Carbohua- all

— Yarate jo, 7%
Dietary Fiber 2g s 8%
~ Total Sugars 29 *
Includes 29 Adde

d Sugars gaz
Protein2g © —S 4%

Vitamin D Omeg os
Calcium 10mg us
on 0.6mg

0%
*vessium 70mg

trient
They Daily Value (DV) tells you how much olde

n 2 Seny of food contributes to a aay ep
oriag, iz ee is used for general nutritio

ANOLA
NSREDIENTS: WHOLE CORN, SUNFLOWER AND/OR C
OIL.

R
ap pe NHEAT, BROWN RICE FLOUR, WHOLE OAT FLOU
SUGAR, AND Sqr

CONTAINS WHE pr INGREDIENTS.

Cal

\ iy
LAY, ave.

|
yy 5024-4099 of (3)
Hipe .
diy 2 af) .
«dura d the Chip

10

N
‘ilar’ @fe registered tie UM
ti ""4 ‘aks Owned by Ki P {-
‘ay Nort),

America, inc. © 2015

Hite : f ;
"
36.jpeg,"al g NO Artificia!

Colors

4606048088488
aange8 8
Py

+ oMATO PUREE, WATER), COOKED

; 0 eT ATER, ENRICHED WHEAT FLOUR
tS sr SvOUNA NACH REDUCED RO, THE
0 x a TAN RFA TH FOLIC
DI 10) \

iia ROTEN ISOLATE [WHEAT GLUTEN, SODIUM Chef Hector 2oiart Syn

| ugkeHATe, LACTIC ACID}, GLYCERYL MONOSTEARATE), Bf wegtaurant was a Ole
ie 1a VG , R

malls PORK, CHICKEN, MECHANICALLY SEPARATED

et | ae WATER, CRAGKERMEAL. (ENRICHED WHEAT W DOUCIIng lis signatures

“JA GLEAGHED WHEAT FLOUR, NIACIN, REDUCED IRON,
+ ATL | sane vowowTRATE, RIBOFLAVIN, FOLIC ACID), MAY
ew | coTAN GUAR GUM, SOV PROTEIN CONCENTRATE, SALT, fF
cor EL OLO, FLAVORINGS, SOYBEAN OIL, CITRIC ACID""),
py | le HH FRUCTOSE CORN SYRUP, LESS THAN 2% OF:
2 | 0D CORN STARCH, SALT, DEHYORATED ONION,
Ay, |*\TROVZED CORN AND WHEAT GLUTEN AND SOY PROTEIN,
LAGI, FLAVORINGS, ENZYME MODIFIED CHEESE
ay Mn CHEESE PASTEURIZED MILK CULTURES, SA,
“| NS HIER, SODIUM PHOSPHATE, XANTHAN GUM)
i, |°NONWLK, SOY, WHEAT, *TD) PRESERVE QUALITY f=
ity, 2 ‘ae ‘

NN
|
144 04325 ;

18 customers to takelome = |
“oday, Chet Boyardee mmanel
qu lity by using ingredensaang
3 ripened California ‘mua

‘Jesome pasta.

CROWAVE

vi: cover. MIC
WH minute?)
+ before serv"".

wy isn
REFULLY, |”

nic! Wee""
crowe”

"
119.jpeg,"'s , nA Bran Cr UNché

Amount/serving

Pp : Total Fat

iscard Seal Ye at 1.
OW E || serving per container “Trans aly
check \ i= | Serving size Polyunsaturated Fat iy tye
“u@ \s {4 Container (80g) _ MonounsaturatedFatty ij
Se me A Cholesterol Ong th hi
PLASTIC |; alories a! A
CUP © er serving Vit. D Omg 0% » Calcium dng? mag
WM oognenieta ee Potas. 410mg 8% «Niacin 20h igi
Ss Tine 10% © Copper 25% Mayet

Aen
redients: Whole grain wheat, sugar, rice, raisins, wheat hay at !
itaing 2% or less af corn syrup, salt, natura favor, madi!
ipherols (vitamin E) for freshness.
INTAINS WHEAT INGREDIENTS.

Hstributed by Kellogg Sales Co. Battle Cree? i cel
e Contains 2 bicenginee!

Op

~~
——

"
41.jpeg,"Ingredients: Sugar,
High Fructose Corn
Syrup, Palm Oil, Corn
Starch, Water. Contains
2% or less of: Salt, or: 24t0 i

lyyt 13 servings er container
vning size 2 thsp (339)

rp Monoglycerides, 7
‘ Polysorbate 60, Sour ae
- Cream (cream, nonfat * Cool ccc
3s milk, cultures), Sodium before
4 aa Stearoyl Lactylate, bal,
7.“ ao) ae Sodium Acid » Store cal
Z raed Fat 2.513% Pyrophosphate, Natural scovratt
srt Flavor, Citric Acid, frosting

Yellows 5 & 6. Freshness aii!
y | Preserved by Potassium sme
Sorbate.
0% CONTAINS MILK
INGREDIENTS. r
utis SALES:
Det 5 ORES Mn 55440
Contains Bioeng)"" F
Food Ingrediem” ills”
Learn more at AS Gere
GLUTEN FREF
© General mills

"
57.jpeg,"es == (Cy Pee ore ene i2g Fiber - 7g Su ja
— or An lena... ..-&% Bw |
Amount/serving % DV Amount/serving % DV
EE SS Fae

a pert no °
coattails

WSEWETS: PROTEIN BLEND (mux PROTEIN ISOLATE; WHET POTENT OOERT Ey) POE PORN TTTOOE TRENOTIO TITY, ALMONDS, WR Wil, See
ASKETE'D CHOCOLATE, GLYCERIN. CONTAINS LESS THAN 2% OF THE FOLLOWING: NATURAL FLAVORS, SOLUBLE CORNER, (14 Ate =
Mi ACANEL DIL, SALT, CINNAMON, LECITHIN (SUNFLOWER AND/OR SOY LECITHIN), BAKING SODA, STEVIA SNEETENER, KANT (2.4) uCRAANE
WNTAINS: WALK, ALIMONDS, SOY. ¢ PROCESSED IN A FACILITY THAT ALSO PROCESSES PEANUTS, WHEAT, AND O77 REE WS.

“UBUTED by QUEST NUTRITION, LLC, EL SEGUNDO, CA 90245 ¢ 888-212-0601 * QUESTNUTRITION.COM * © 2°” Wrst MONT
ChVS A BIOENGINEERED FOOD INGREDIENT.

__}
"
94.jpeg,
123.jpeg,"CAVING oid

Nutrition Facts Servings: 8 Serv size: 2 pieces (3g), Amount per serving baloies 5,
Total Fat Og (0% DV), Sodium Omg (0% DV), Total Carb 20 (1% DV), Total Sugars 0

(Incl Og Added Sugars, 0% DV), Sugar Alcohol 29, Protein 0g Not a significant source of
| Saturated fat, trans fat, cholestero Getary liber, vitamin D, calcium, iron and potassium. DV=% Daily Value

CIAL FLAVOR, MANNITOL; LESS THAN 2% OF:
) BLUE 2 LAKE, CANDELILLA WAX, GLYCERIN,

SPE SIRT OL GUM BASE. MALITTOL I TRA “Ai ARTIFI
wei ACESULF AME POTASS! UN BHT sa Mh NTE ay i FRESHNESS
ED 40 LAKE, SOY LECITHIN, SUCRALOSE. TITANIUM DIOXIDE (COLO R

""wiv

CONTAINS $0Y.

MONDELEZ GLOBAL LLC, EAST HANOVER, KJ 07936 USA 10258297 / 04050050391177
CONTAINS A BIOENGINEERED FOOD INGREDIENT

www. den ne, com

12546°31509

"
82.jpeg,"NI Psa yyy
AVT-OLI2{Gzaq/

660¢-b29¢/ XL Ohee |

IM! AVT-OlaN ;

( ONY ANY nis co a y

ncosia GN S10 (Cvs ‘waamod gg]

ud wa G24 aN met i)

ye)

Hn eo MOLLY Oy
IAS tn N38 O89 ne Ny
aA icteehtt 33240 WV3HD “IvaoM0 inags ‘i My
Sa ald ‘S30HOd NOW ‘IHS NVETIHO “.ViNVL sinagsg yf
a eis Hani SHAG Hs vou 383340) yf
2 ano IW HOG Weed Wak OS ‘eos rs ais
Seen IE TSA ANNAN CEM 38 oH ay ,
Ae MT MOE NOCH a | i
wo OD 0-10 TMLSERA Tay ano Mia et | la
ie NS SNORE“ No TN N09 CHORE
SoINpe UORLINU /eJeUEHh JO} PEsn si Aep ve SUN0

1

40 Buinseae/
% Jelp Arep & 0} SeInqujuOS Por, 40 Buy y
wan : ‘onl ae NoK sije1 (AG) enjeA Avea

@

——— —

re _ 10309
ee

solo

yu
Sulaios sod
"
83.jpeg,"S86tss ‘Wall PTOT/p/E :Ag IS8q
AOS PUB “oUUBSas “waym “yt ‘sqNU 9a] ‘sjnuRed sassad0id Jeu] ATOR]
LYSHAA CNV “CLONTVAK ‘

€LZ8Z ON ‘AHO[ Ly) spoog pooy Aru,
GCNOWTY) SLON AaaL

B

AOS ‘THA

Ul apey]
‘SNIVLNO;)
o
“ITS ‘TG
JAN T3219 SWINGLOIINOD LIS¥IA FLYNOaHYIIG WINIGOS “ANHAS NHOD “LTA “IT¥S (N¥3aA0s a ae
HO “VIONYD ‘NOD! 110 T1d¥1993A (any INO WAY HOG ILYULINONOW JNIAPYIHL ‘NOY dsonaw ., ——
NIDVIN “YNO14 LYIHAN) HNO LVIHAA CIHOMNA) STI¥E 13z Lad NITINYA NIHLOJ1 ACs Cy ——
{30XKOld WAIN ¥O109 THOHLY DIIW)_DYNON ‘AJHM GFHNLIND) YIGMOd JHNOOA YIGHOd ©
TIA DYINON

aes

WO TANYD) WT ¥d G4 YNISONGAH “H¥ONS) ONLYOD 14N90

A) STT¥d 14z1Fud
‘SONOWITY “(SSINHSIY4 JAYISINd OL GId0Y LHa LYHdSOHd FINIGOSH! “Ssowbad NIHLO Oo =—==

AOS LYNOGHYD WIDTH “YaOs ONDE ‘ITS ‘ISG.1Ne4 “ASNOH S3SS¥TOWW TO YIONYO ‘THI
NHGD SWVONS “DYIHAA NYO FIOHAA) SHIISWOL WWHYHS AINGH “JAV19 SHINOLIDINOD NE bad
WOM “ANHAS VOOM TAOWYOYND “HIONIS ‘SIAOTD ‘NOFYNND) SIDS HOA THN
LS F< OS P  B V  PPR PSNNIL PU QU yD  UY U Ko THI SVLINWYIL
NIH.LDJ1 HIAAO HNIS SNA FIOHAA ‘HALINd ¥ODO9 SPYONS INYO) LIOIOHD THAN STIRRATD
""SAUINJONOD JOING AYHIHD SYONS ‘SIMYIGNYHO) SIMIANVHD GIYOANH ANYIHD SSINIIGIHON]
IBA Ae % = ATM

= Es Sa
SS

O

LIN 817168 7 INC feo HAC Sn AtAnITN guns Ded voy Srna tan Garo aninn Tomp<a

1 %C) SPIO TAC %49) UOT] TAC Mah) NITED “TAC MO) CIA
UPId (AC 402 ‘Sesns poppy STT PUL)  sET smeng [eo]

{Cad Mt) 3Z_ Pd “(AC %L)86T SGM ROL(AT%S) SWOTT uMpog
(ad) suo “ISON SO wASULL (AC “OD
(ads) 39 REROL (ET SOMO[ED «2

(sdind piT) 80¢ 921 “ALG

See

—

3 Bq Wee
Jad qunoury
SBUIAIS £ ‘SUAS SIL UONIIQN

es: Bae og
Pe mR, We. 4 NS, ai.
an ee eid Ste eae

LPS ER DP eS

5 ‘. < * >
ee. ~ ! CF + —

i aE i* rvk Rie! >
. « . =

ae

+

"
95.jpeg,". ¥ ¢ ib d f 4s 4 \ : ;
4 : W on wilt a AY
Jp WOES, > 2!
is i 1 ath Tia} fA is iy wd ys
M2 NVHL SSH AUYSAIOWGAN ee

NARs

‘SHON a NY TI “owraK9 3816 5 -

"
122.jpeg,"6 CONTENT FOR Ts SERN SZ HS BE REDUCED OM GTO tLe '
| AYLTOL, GLYCERNE,

CONTAINS CaN FLAVOR, a YOU EXPERIENCE MOUTH IRRITATION be
DISCONTINUE US :

_ ol 1 | .
eat ren aan ae he mek
<5 Bispleatsnfcnetis,ain, , : |

vitamia D, calcu, iron, and potassium

— ce

“rt international group
"
56.jpeg,"Lindl Linc 4 |

CLASSIC RECIPI CLASSIC RECIPE |

:
We . We. “Ch
a) HL. . ioe Ws
*
Pues: |

TRY THESE GREAT FLAVORS

Discover the creamy, smooth chocolate of Lindt CLASSIC RECIPE.
Lindt CLASSIC RECIPE has been expertly crafted by the Lindt Master
Chocolatiers according to traditional Swiss recipes using only the
best tasting chocolate and finest quality ingredients.
CLASSIC RECIPE White Chocolate

Creat, smooth white chocolate with a refined finish.

Tos Ef INGREDIENTS: Sugar, cocoa
Nutrition Facts] Morons: milk, soy
about 4.5 servings per container | lecithin (emulsifier), artificial
Serving size 7 pieces (29g) | {lavor.

May contain tree nuts.
Amount per serving

Calories 160

‘% Daily Value*
Total Fat 10,

13%
Manufactured b Lindt & Spriingli
Saturated Fat 6g 30% y Prung
USA) Inc.
sitsFatog_ S| US, Sata NI
Cholestero} omg ,

ARANTEE
2% CHOCOLADEFABRIKEN LINDT & SPRONGLI AG
KILCHBERG / SWITZERLAND
Sodium 30mg 1% f
Tot i c (1) MANUFACTURED IN THE USA BY:
a ar 0 LINDT & SPRUNGLI (USA) INC.
Dies bohydrate 16g 6% STRATHAM, NH 03885
etary Fiber Og 0% LINDT SUSTAINABILITY
Total Sugars 16g

www.lindt.com

=) MMII

"
118.jpeg,"*<SGENTS: PROTEIN BLEND (SOY PROTEIN ISOLATE, CALCIUM CASEINATE, WHEY PROTEIN
MALTITOL SYRUP, VEGETABLE GLYCERIN, PEANUTS, WATER, COCOA BUTTER, SUNFLOWER

)LATE, PEANUT FLOUR, PEANUT OIL, LECITHIN, SODIUM CASEINATE, SALT, TAPIOCA STARCH,
NATURAL FLAVOR.

=): PEANUT, MILK, AND SOY.
1 PACILITY THAT PROCESSES TREE NUTS, WHEAT, AND EGG.

vy think!® Downers Grove, IL 60515 | 866.98THINK | www.thinkproducts.com
‘ain Sucralose, saccharin, aspartame, acesulfame potassium, neotame, or advantame.
‘.§.126.0920

PROMISE™ Please visit thinkproducts.com to learn more about our commitment to quality ingredients.

ei

Sat Fat 3g 15% Dietary ripers

"
40.jpeg,"| ae ‘ion 1 Facts
\ inl per container
sie tsp (2g)

} ® : Be os
| pot ser 4 Q
KODIAK S =

1%
3%

ital Fat U

— UEPACKED in .

Nn
: “S ieude rs 09 dded Sugars 9%
oo z
‘i,} —
“yy,” 0! Dolyunsaturated fat, monounsaturate’
a ‘ND, calcium, iron, and potassium. nv
if
| COBO HYDRO(: iENATE
“OCONUT AND/OR PALM K

iN i AND LESS THAN 2% OF

inp DERIVATIVE) **, MOT

1 0%
0%
0%

tole leste J Omg

used By date.

ium

tC oh drate 1g
ars jars 0 g

tore in a coal, dry place.
ee bottom of jar for BEST Ii

NATURAL AND ARTIFICIAL FLA

Fy, tat * CONTAINS: A MILK DERIVATIVE.
, WT ) , Ose
Taine STI
Hy VAD EUSA
a * Vy INC.
B's); 7 SA

ace
“FROM A BIOENGINEERED SU
ats”

“Yy,
lth oly:
> “""0l U.S, powdered creamer ©""

ar “DTASSIUM PHOSPHATE. soDIUN

Le)

QAQV90G

Zywnake

SN

5
"
37.jpeg,"bo NOT MICROWAVE IN JAR
SPOON IN HOT WATER.

PEMOVAL OF CONTENTS, DIP (ier St
tition Facts Servings: About 15, Serv. size: Bld )

nus Calories AF total Fat Oy le O\) St Fat y (0D)

0g, Cholest. Omg (0% DY), Sodium 10m mg % ON), rata.
Al "" (0% DV) ‘ot Sugars 6g (Incl. 8g yin sat is, {Th M

[Maen Oy Vit i bu Calcium (0% DV), tron (0

UMEIENT CR SYRUP, SUGAR, WATER, CONTAINS LESS THAN 2k
* HRIED EGG WHITES, CRE EAM OF TARTAR, XANTHAN GUM, ARTIFICIAL
7 - , AND NATURAL FLAVOR,
li lit i] | CONTAINS: EGG.

= | (RAFT HEINZ FOODS COMPANY

gud

tf ig | CHIGAGO, IL 60601
Cy scan He FOR MORE -
000 INFORMATION

"
60.jpeg,") a” f Sb ize 1 4 s
Serving sizé

vi
Amount per ser 4

alories

(
J Gareiies P |
10°! |

e dressing “%

use comb f

rings the"" ’ Saturated F27

table/A te ; Trans Fat Ly A 0%,
insi?” ol! 1§o>

/ Wing Choles eo 209 Ad

pe sf Total ce ar O9 Os

+a ff wy Fl ly
yl"" Died

roe 5ugaS BO
includes 0g Added a ———_0%

Protein 29

TM

me.

Vitamin D Omeg 0% Calcium 40mg 4%
lron0.6mg 4% *° Potassium 120mg : 24
SE

* The % Daily Value (DV) tells youhowmuchanutr/ aa
in a serving of food contributes to a daily diet. 2,(,
calories a day is used for general nutrition advice.

__ INGREDIENTS: WHEAT FLOUR, PALM O) ———
_ SRR MODEFED CORNSTARCH, SALT eeeee aN 2 O°
PAUP ci Ae NG CAANG SDK, SODIUM

YEAST W
cULTURES a NUR RAL FLAIOR GS SIRS BUTTERM K,

PAT. CITRIC ACID, CREM,
. — CONTAINS inj: K, WHEAT
. OTTO TOWN AY RIGLEY CONFECTIONE .. sam SOY.
YQ ™g 40-1503 ugy NERY US, Lic

"
99.jpeg,
76.jpeg,"-gjualpasHu! poo} paseulbueoig sueyo5

“INI ‘VIINIWV H.LYON

AVT-OLIUI 800% @

660%-9z0SZ XL ‘ONV 1d

""INI ‘AVT-OLIUS

ayy pue sinuead Bujuse}u0d sjanposd sayew
ginbe uo apeW suo]yeusojuy AB19/19

4H9NI 993 GNV IWSHM SNIVINOD:

(GGANHSau4 SANUASAUd) AINNO!dOea
waigtvo GNV ‘FQ |dS TW HO109 TANVEVS
‘yoy 1d WIOlLLeV ‘NOWVNNIO dil¥AS NYOO
sovulxa CVWN LS ‘HOHWLS NHOO CalsICOW
eggs 0 S99S ‘GiWHdSOHd WAID WOONOW

) ONINZAVST “ONIMOT103
4H1 40 %2 NVHLSS3 GNV 4SO081X30
'acQ Lona ‘aLsvd NISIVY ‘YVONS dNY¥AS
HOO aSOLONYd HOIH ‘onisivd ‘Sve 77108
‘(IoganHSadd aAWASaud OL DHALHLIM 110
WIONY) “10 Wid) ONINSLHOHS JIavLd94A

‘(qioy d1104 ‘NIAV14 018 ‘FL WHUINON OW
NINTH NOW! GONGIY NIOVIN ‘ung td wa
, SUAERS uNO14 GAHOIENA -S LNaiaguoNl |

: <i
enue 5 a .
Price ell
~
yay =

geasaieals

adn

pial

ered

et
itv:

m ites

ae oa nil
LOMA) ji rayltlels ia 4

"
102.jpeg,"INI""SA00ttayye £20z6

SLNIIGIYONI AOS ¢
‘CLNVOIXOLINY
CONV ‘(LNVGIXOILNY) LOVULXI At
ALLW4 40 S3CIU39AT9I ONY -0 OW
NIVHO WNIGSW We au JDC WY WS
(NYOO WOUS JV) NIMLXG JN
NIHLIOFT AOS ‘1 T¥S ‘SHOAW14 TVHRLN MTVTY HLM
UASSI90Ud) ¥O909 40 %e NVHLSSIT ONY ‘dnHAS
N09 ""T10 VIONWO ‘NHOOd0d ‘HVDNS :SINIIG7uONI

9)

‘SOIAPE UONUINU feleUeb JO} Pesn s| Aep e sovi0)
000'¢ ‘\elp Ajrep B 0} SaINGUIUC poo; jo ee

JU9//)NU Yon MOY NOA sje} (AQ) anjeA Alec %

20. EE cuoe unisselod

%0
61, ue} SSe| WIS}O4d
— Ofte

appy Sz} Sepnioul
See eet eing FL

ae

Yb 60¢ eyeapAyoqieD ee
46 Bugg winir°S|
«sss aE

"
114.jpeg,"»™

per conainer moor sisi in 7
Mieseving size Cholesterol 15mg 6% Incl. StgAdded Sunes 61y
aa ki

, 1-800-483-7283

BAMAG) — Sodium 270mg 12% Protein2g : .
y. Ss 580 ms ia a —— : AN Pleenetoe oom “ny < ~ plac
Vitamin D 0% ¢ Calcium 4% ¢ Iron 10% » Potassium 90 ea sae » mf ON
————— a enna “ee Fy

og : | . sg
: ‘ e

te

+ al ~

& ai oe F
my

ri cry .: SUGAR, WATER, SOYBEAN OIL, ENRICHED FLOUR (BLEACHED WHEAT FLOUR, MALTED BARLEY FLOUR, MACIN, FERR
#OWONITRATE, RE OFLAVIN, FOLIC ACID), COCOA, CORN SYRUP, GLYCERIN, CONTAINS 2% OR LESS: MODIFIED CORNSTARCH, EGG,
/OR, EGG WHITE, NONFAT DRY MILK, CORNSTARCH, PALM OIL, SALT, SODIUM ACID PYROPHOSPHATE, PRESERVATIVE (SORBIG
oo msg ODIFIED FOOD STARCH, BAKING SODA, WHEY, GUAR GUM, CELRRS Is
AGAR, MONOCALCIUM PHOSPHATE, SODIUM CASEINALE, SOY [*CRRRRRE 3

a | | CONTAINS EGG, MILK, SOY, WHEAT. Se
‘ee | | | CONTAINS BICENGINEEnCS S32
cee —,

"
34.jpeg,"a S Vitamin D Omcg 0% © Calcium 20mg |
ee Viton 12mg 6% * Potassium 160mg |

eS |
* The % Daily Value (DV) tells you ho oh a nut
_ in a serving of food contributes to
yr calories a day is used for general

INGREDIENTS: WHOLE GRAIN OATS, SUGAR, DX pp
NATURAL FLAVOR, SALT, CINNAMON.

DISTRIBUTED BY:
THE QUAKER OATS COMP

6) P.O. BOX 049003

2%/o\ CHICAGO, IL 60604-900"" U.S.A
© 2020 The Quaker Oats Lore”

Smart rat

(i) fms LI)

| Ra
pe Dies
"
63.jpeg,"rolyunsaturated Fat 2g
_ Monounsaturated Fat 9 99
0%
Cholesterol = ——SC«*M'T'%
11%

Sodium 250mg___________
Total Carbohydrate 229 8%

~DietaryFiber1g = ss}?
TotalSugars2g
Protein 20

a ee 2)
ViamnDOmeg CO
Calcium 10mg 0 +
i +?

ron 0.3mg 79

"" The % Dai
ina wet (DV) tells you how much a nutrient
calor a day ee contributes to a daily diet. 2,000
used for general nutrition advice.

INGREDIENTS:
STENTS: DRIED POTATOES, CORN STARCH, CORN OIL,

SUGA |
uid em (MADE FROM COR A On
POWDER , WHEY PROTEIN come TILTURES NON

ER, CHED
ENZYME) pred CHEESE (MILK. CP E :
, M0 rE, BLUE CHEESE (yyy?
CHEBRE c NOSODIUM GLUTAM a AC, Aa

onl, ULTURES, SALT, ENZYMES)
a lELLOW 6 TAKE, YELLOW 5 LAKE Ee 9, VEL W
Uf MILK, NATURAL AND ARTIFICIAL ib aM RLIC pp r )
TI ACID, pigopIUM INOSINATE “ GAN ACER,
7 ONTAINS MILK AND SOY INGR pIENT»: TE,
FRITO-Lay ua
sANO, ™X Jeya4-h099 | Bd

x
$921 FRITO-LAY
4 AMERICA, INC.

"
75.jpeg,"B-t NE 410
O05u! AOS Sjay uwos

i
jOUWS

oui ‘v2laTW HLAON

gaye!

yguvls
only

oa HLIM

419V 494A dN¥AS NOD 3S0.LONES HOIH
‘uyONS ‘(aloW M04 NIAW1408le “IVHLINONOW
OW) G4ONGSY ‘NIOVIN “YN074 LV3HM |

NIWVIHL'N

PA D1 OFZ y 6 60 4-47Z0S. L XL 0 NV1d

yeu juauual
. yn g)0aHONI 994 ONY ‘VaHM ‘LNINWad SNIVINOO

40109 TANVHVO CNV OAV TS WIOISLLY
NYO) CAHICOW ‘SSOLONYS LVS ‘(waos
wa) ONINSAVS1 ‘S994 ‘ONIMOTIOS SHE 30
%2 NVHLSS31 GNV ‘(ISSANHSau4 SNYASAYd OL

— AVT-OLISS 800Z @
""INI ‘AVT-OLISI

gnu 94 Gujurejuos syanposd
nba uo ape :UOffeUulsojuy ABiayy

710 VION) CNV WiVd) SNINSLHOHS

GSHOVa19) HNOT GIHOlNS ‘(gasSvOW ‘TIS
‘THO NWaGA0S HO/ONV ‘ASSNOLLOI nonval
WW a1eviF9SA Ga IVNIDOUCAH YVONS ‘SL ANGId

Qaliovew) uas.040 tend :siNFlasyONts

ee

=a

OS | 2a%

Sod

—_

""
&

*

oa
a
be |

.

4

"
59.jpeg,"porta! a
saturated Fat 19

Trans Fat 0g
Cholesterol 3mg — S
Sodium 125mg 1%
Total Carbohydrate 29,
Dietary Fiber 1g 7%
Total Sugars 14g 3%

Protein 29

Not a significant source of cholesterol, vitaryj
calcium, iron, and potassium si

* The % Daily Value (DV) tell
a rest of food contributes to a daily fa *
a day is used for general nutrition advice. —ae

INGREDIENTS: CORN SYRUP. SUGAR

) SUGAR, BUTTER (Mi

BAANG (500k, at WATER, PECANS, shee
3 N SEED (WITH PUMPKIN

AND/OR COCONUT. Pp -

MADE IN A FACILITY THAT MAY ALSO PROCESS
NUTS, PEANUTS, EGGS, MILK, AND SOY. MAY
CONTAIN CHEWY OR HARD CANDY.

STORAGE: KEEP SEALED AND STORE Aa
AND DRY PLACE. CONSUME AFTER 0 R OPEN

ANDERSEN’S CRAZY CANDY 54008
1261 $ 650 W FARMINGTON mis oN isa
Ep niicenions OR COMM

"
101.jpeg,"ees —
27% Sodium 260mg

gas Sa ee
sat. Fat 109 50% Total Carb. 529
, Fiber 1 ey)
Waste Fat 3.59 Total Sugars AA Tes
Fat3.5g___-_thol, a7gAdded Su SSP
Monouns: .. Fat 6g cl. 27g Adde 5

choles 19 0% — ~~

Trans Fat 0

20 vitamin
mers,

‘ie.
Rid ww

N, REDUCEDIRON,THAMI MONDE \

ull? yy INGREDIENTS; ENRICHED BLEACHED FLOUR (WH T FLOUR, MALTED BARLEY FLOUR, NIAC
SUGAR, WATER, PALM OIL, HIGh FRUCTOSE CORN SP OND AND oR LESS ‘MM

‘ie Bi], RBOFLAVIN NITAMIN B2, FOLIC ACID), SUGAR, NATE
AY GAM OF THE FOLLOWING: CINNAMON, YEAST, DEXTROSE, SOY GRITS, MODIFIED FOOD STARGH, SOY FET
SiaLNCEAIDES, SALT, WHEY, HONEY, CORN FLOUR, MOLASSES, NONFAT DRY VIUK CORN SYRUP AGA AN Sa
PyAOPMUSPHATE, BAKING SODA) SOYBEAN OIL, PRESERVATIVES (CALCIUM PROPIONATE, POTASSIUM SOREIT SODIUM PROPIONTE,
SODIUM BENUQATE, METHYL AND PROF PARABENS), NATURALANDARTIFICIAL FLAVORS, OS uDWM STEAROYL LACTYLATE:
DATEM,W! EAT SwgcH WHEAT GLUTEN, SPICES, CALCIUM SULFATE, CALCU ata CORN STARCH, SODUM ALGINATE,

“CYSTEINE, DRIED EGGS.

LDSNP-14-01-F

TURME?IC, ANNATTO;YONTHAN GUM, ASCORAIC ACID, ENZYMES, L-CYSTE
pstiN: OPSais WHENT, SOT EGGS, MA, CONTANREPANS . ihe
Biso.c FOUR fOXTEDEOECED An 37915 | O2071

aD INGREDIEN

"
117.jpeg,"was Soy Protein Isolate, Soluble Corn Fiber, Milk Protein Isolate, Maltitol Syrup, Glycerin, Fractionated Palm and Palm Kernel Oil, Canola\y
witter, Erythritol, Whey Protein Isolate, Inuiin. Contains 2% or iass of:

Malitiol, Coconut Oil, Natural and Artificial Flavor, Corn Meal, Whole Wh

~“avored Powder (nonfat milk, lactic 2ci ), Brown Sugar, Enriched Flour (wheat flour, niacin, iron, thiamin mononitrate, riboflavin, folic acid), Graham Fh’
ric Acid, Blue 1, Sodium Benozate, Sugar, Rea 40, Yelk
(added to preserve freshness), Soybean Oil Sucralose, Mok

sGassil ale Milk Protein Concentrate, Salt, Nonfat Milk, Soy Lecithin, Yellow 5, Red 40, Phospho
Hlow 5 Lake, Blue 1 Lake, Honey, Baking Soda, Cocoa (processed with alkali) Tocopherols

_ NS ALMCND, MILK, SOY AND WHEAT: MAY CONTAIN EGG, SESAME, AND PEANUT INGREDIENTS,
VIED BY GENERAL MILLS, INC MINNEAPOLIS, MN 55440

( Rogpgipcered Food Inaredients oan mora! Ack ConamiM

"
38.jpeg,"‘= s :

rm Mh

HH iW

a ae:

MICROW-
1 Rew

DON VE IN JAR
i Hl Hi Meat DIP SPOON IN HOT WATER.

lution Facts Servings: About 16, Ser. si

Anoutpr sein: CALOFI@S 45 Total Fat 09 haat h WN) sta
hase Oy, Cholest, at OM), Sodium fm aa eet
DI), Fier Og (0% DV}, Total Sugars 8g ie Mn a - us.
hii Vit. D MLD (0% (0% DV), Calcium (0% DY), (HO

pies CORN syRU THAN?

YRUP AINS LESS

ORED EGG WHITES. ST A Te UM, ARTIFICIAL
AND NATURAL FLAVOR,

CONTAINS: EGG.

e: 2 Ths? Sy

KRAFT HEINZ FOODS COMPANY
CHICAGO, IL 60601 ;
SCAN HERE FOR MORE
FOOD INFORMATION

"
80.jpeg,"; Pi ia bs

A \ QQVaATNACNA N3YCTIHD YOs s1aviins ret aoc —
sy aWOVEAUTHLO YO WALS “TIRHS ‘Ld AOOOS TVS - dveyg oOAORD SRINETTS SS i i —LLlLL
-ieswnl (1S SINAN SLON JUL YSHLO ‘SLANVAd HLIM LNaWdl GSENRSNO Gave
7.6 07006 V2 ‘3USWWO eSHIVNS AUNINID -Ad GIINAONE 123, Buy pur

VEWIWNS AUMINAD 720
""NOS SWIIW ‘SNOWY ‘SLONV3d :SNIVLNOD sate: ""i

KNOY OW) SONOWI G2iSvOu QM WanvNUy) ‘[Swv1ZIN18 ‘JyVTLIN1 JV Ov dat
3 SAO yD WIIstes (0109) 3alXOId WAINWLIL [Y3IsIS TAWA) NIHLIDIT AOS WND - szusipe
WNNTAQH Og WOSTSY ASR CRIVNADOUGAH YONG) SNOLLNS AFLVTOIOHD ‘SNISIVe ps Bie

SO Nn
AAAS Uy ONWTAMO J leVa9aN°s IANW3d) SLANW3d (ALIS G31 S¥04 SSINFIGIION/ ‘su/s{DI 53,
NEWO) 240 20} VONEE SS WES ZE) Neri Ga» ‘ gay A

waid
a” a

et ee ~€qvEW
—_ —— S21S buinsag

-
"
79.jpeg,
121.jpeg,"TYOF OGENATED $ ARCH HYDROLYSATE, Mi ACID, ASPF
P-ACID, MANNITOL, ACESULFAME K, COLORING (INCLUDES RED 40, RED AOU 8
TAIN FRESHNESS). PHENYLKETONURICS CS: CONTAINS PHENYLALANINE :

"
96.jpeg,
55.jpeg,"4 ee

. ARICIC CO Ss INCE 1852
L g ) fi S Al N . LAN - | SCC . = 4 ~
DEL wel JF SAN f S C me & 6 S| ¢
rE Ik R. LFELLE © .
él

Calories 170

®
THE GHIRARDELLI DIFFERENCE
FROM BEAN TO BAR

% Daily Value*
0
TotalFat109.~~S*S*«M'S'NG

0
Saturated Fat 6g 30%

Trans Fat 0g
Cholesterol5mg —~—~—~SG
Sodium 50mg 2%
Total Carbohydrate 21g gn
Total Sugars 19g

Includes 16g Added Sugars 32%
Drninin 3 ee

OUR COMMITMENT
Protein 2g

TO ULTIMATE QUALITY

Vit. D Omcg 0% e Calcium 90mg 4%

Iron 0.2mg 0% e Potas. 105mg 2%

*The % Daily Value tells you how much a Nutrient in
2 Serving of food contr;
dlories

0d contributes to 4 daily diet. 2,000
calori 24y's used for general nuttion advice SIM com/sustainabitir,
Ingredients. Sugar, whole milk powder, cocoa

butter corn s yup,

Unsweetened chocolate, Sweetened
condensed milf (milk

1 Sugar), palm oil butter (cre
Salt), sodium citr

am,
®, SOY lecithin, natural flavor,
extracts of oregano, flaxseed plum, and Breen tea (tp
preserye reshness) Salt, vanilla extract.
May contain (ree nuts
Manufactured b
: 47599 41874! Il ,
e)

FOR MORE INFORMAT
ABOUT OUR INGREDIEN
AND SUSTAINABLE
SOURCING VISIT

—_—

hirardeljj Chocolate Com
an ;
an Leandro, CA 94578 Usa”

©2029 GCC. GCCH 40002053
Dlease

recycle

"
43.jpeg,"% Daily Value*
TotalFat79 == “(sy
“Saturated Fat4g ONG

Trans Fat 0g
Cholesterol 5mg 2%
Sodium 40mg 2%
Total Carbohydrate 179 6%
DietaryFiber<ig=SstSt*=CSG

Total Sugars 9g

ogee menerwenateripueeenonensnnasessgicl spss ul ie
Includes 8g Added Sugars 16%
Protein 29

Vitamin D Omceg 0% © Calcium 20mg 0%
lron img 6% © Potassium 70mg 0%

“The % Daily Value (DV) tells you how much a nutrient in a
serving of food contributes to a daily diet. 2,000 calories
a day is used for general nutrition advice,

MADE FROM: MILK CHOCOLATE (SUGAR, COCOA BUTTER, MILK CHOCOLATE
PROCESSED WITH ALKALI, CHOCOLATE, NONFAT MILK, SOY LECITHIN, VANILLA
EATRACT), ENRICHED WHEAT FLOUR (FLOUR, NIACIN, REDUCED IRON, THIAMINE
MONONITRATE, RIBOFLAVIN, FOLIC ACID), SUGAR, VEGETABLE OILS (PALM AND/OR
SOYBEAN AND HYDROGENATED SOYBEAN), EGGS, CONTAINS 2% OR LESS OF:
CORNSTARCH, SALT, BAKING SODA, NATURAL FLAVOR, NONEAT MILK

CONTAINS: MILK, SOY, WHEAT, EGGS,

___ PEPPERIDGE FARM, INC., NORWALK, CT 06856
Contains bioengineered food ingredients,
The ingredients from corn, soy, and sugar in this
product come from genetically modified crops.

Learn more at pepperidgefarm.com
910001029380 4743-4-6E3

_ Baked with no artificial preservatives
(just one more reason why they're so good).
Baked in U.S.A.

CHOCOLATE

i
ry

"
42.jpeg,"nts: Sugar, BS a
High Fructose Corn ! —— Frosh,
Syrup; Palm Oil, Corn a he TSS inch
starch, Water. Contains ©"" Neorg.
9% or less oe Salt, or: 24 1032 cine

cerides, ae
ard 60, Sour Instructions,
Cream (cream, nonfat * Cool cake Completa’y
milk, cultures), Sodium before frosting
Stearoy| Lactylate, ° Stir room-temperctinren

Tm | Sodium Acid © Store cake LOOSEL! cae.

~ qi |Pyrophosphate, Natural }

~—* Flavor, Citric Acid, Cone oa
~~ qlYellows 5 & 6. Freshness nm
Preserved by Potassium STORE FROSTING
i gy, | sorbate.

| |INGREDIENTS.
| hist. 8Y GENERAL MILLS SALES, INC.,

— MINNEAPOLIS, MN 55440 USA

Contains Bioengineered

Ua ap
Vaan Food Ingredients _ m  Foltow UO aa
ty Learn more at Ask.GeneralMills.c0 at uy”
vy i ig he .
we nt GLUTEN FREE ( Gare .
nt WN) alyi ,
© General Mills

"
54.jpeg,"aa PN wi | a & AD = iO ee ~~ i
——— ae DEAIN F P4 ANI a
ae = &N MAIN G r<

Nutrition F
4 Servings PEr Container
Serving size 2

squares (35g)
a )
Calories 170
cs

% Dail V *
Total Fat 10g —_

THE G MIRARDELL pe Ne
FR ARDELL| DIFFERENC;
OM BEAN TO BAR ie

13%
_ Saturated Fat 6g ap,
Trans Fat Og

Cholesterol 5mg 2% |

Sodium 50mg a, |

Total Carbohydrate 21g 8% |

Dietary Fiber <1g 4% :
Total Sugars 19g

ee
Includes 16g Added Sugars 32%
Protein 2g

OUR COMMITMENT
TO ULTIMATE QUALITY

Vit. D Omcg 0% ¢ Calcium 50mg 4%
lron0.2mg 0% — Potas. 105mg 2%
\ Si TI

* The % Daily Value tells you how much a nutrient in
a serving of food contributes to a daily diet. 2,000
calories a day is used for general nutrition advice.

Ingredients: Sugar, whole milk powder, cocoa
butter, corn syrup, unsweetened chocolate, sweetened

condensed milk (milk, sugar), palm oil, butter (cream,

salt), sodium citrate, soy lecithin, natural flavor,

extracts of oregano, flaxseed, plum, and green tea (to *

preserve freshness), sal, vanilla extract. nike
ies a

May contain tree nu Mes 7s99 Mae 7 tt! 6 3

Manufactured by
Ghirardelli Chocolate Company,

San Leandro, CA 94578, U.S.A.
©2022 GCC. GCC# 40002053 09-3)-24

please o4) recycle 6462321

FOR MORE INFORMATION
ABOUT OUR INGREDIENTS
AND SUSTAINABLE
SOURCING VISIT

Best Before:

"
78.jpeg,"Saad

pes
Os BES 720s""
71 ‘SGo004 4aWd0H ©
z1655 NIN NILSAY
OW 1d TAWOH |

971 ‘sa1vs $0004 1SWdOH

QILOVT ‘LVTANYND WNICOSIG 8 JLVNISONI WNICOSiq
""YOAV SHOINS TVUNLWN “QIOW OIMLIO “H4GMOd ONuy

» 2 NIOMOd WHIMdvd CONS ‘Sa0ldS ‘SHOAYTS TWUNLYN

“AIVWVLATD WAIGOSONOW ‘[110 JWI ‘Sams 3oIne, —
IW ‘NILXACOLTVINL W3GMOd 39INr AW ‘TuxaNGd .-”
OMUVD ‘IIWS “SIOIdS “SW3ddad IHOl Y30MOd ty, /
‘TTS ‘NIMLXAC OLIV) SNINOSWSS ‘NHO9 ‘SLNSIGIYON/

Ui UEUIMU e YON MOY NOA s\a} (A) anreA AeQ % UL, \

%0 Bw wnissejog
SoG Bwiy'o uc] |
%0 Bwig wnigje9
%0 Bow q UWE :

MERA re 62 s19304d
%0__sieing pepPw 50 Sapr oy
60 Slefnc ip;

ee ee

Sb a leq

(6gz) dno
Joureyuo09 han sBun ice Dues j

SOE 4 UOHMINN

{

‘Ad CALNGIYLSIO oy.
WO NHOO ‘(HOT00] LOVULXA OUAWYNL ‘Ony «34

fi of
f |

~~ e

~

Ea

|

ae

ee / =

&

"
120.jpeg,"spaisin Bran
pmol

HitlON Teter ra Total Fa

rt ~Saturat urate

\S in ——

_Trans Fi
Poly us

Fae sur, ice, ras
p Sa natural

Doe NGREDIENTS

% DV* Amount/serving

2% Sodium 290mg 13%

0% Total Carb. 68g 25%

~ Dietary Fiber7g 23%

iFat0.5g Total Sugars 289

sd FatOg _Incl. 199 Added Sugars 38%
} 0% Protein 5g

lum imaing 2% © Iron 1.5mg 8%
aCin 20% © Phosphorus 10% © Magnesium 10%
/o © Manganese 80%

heat at ran, Whole grain oats, brown sugar syrup, vegetable he
', Modified corn starch, molasses, palm oi, cinnamon

yOu how much
Nutrient in a
serving of bod
Contributes fo a
Cally det 2000
rr
used for gene

nutrition adviog

"
97.jpeg,"lit

70E8S25/

CIE OSE 202 @ ceo 16) TH éSuousany

OE YOVNYO NI 30K)
: R aNvcalStha dead 190 Th
ses aya SG Sa THINK YSCCY,
Te CHT ie EN ise UOTE THOU
CTL EY tS : oe TVA USNS SINFICHONI
! 1, 1 (AG %G0) 6 “que
} 20 124 [e101
S'0) Ju |

on Lan |

ax

KS ee

ee

N

i

"
81.jpeg,"PL ATES Act saieagn SEV Rg oS
‘ oti IPTC, A) s OL ""
eines re aetna
MOT134 IMVIS MOTIA

HM

aL ce
Lan

tow

"
39.jpeg,"at
—

¥ ; trition Facts

M + 85 servings per container|

‘gerving size %isp (23)
Ew Cm s

amount per serving

calories
a SS Ay
i Yo Daily Valuo
Tota! Fat 0.99 ™ id 1%
Satu ated d Fat 0.59 2%
Tiens Fat O09 f

Chole sterol omg 0%

+) LICATE, NATURAL AND

(A MILK DERIVATIVE)
RIDES, DIPOTASSIUM pHOSt

AR

Nc

ies

IBI
UNG

RF
‘f

Do

\

‘aj ""

COLOR. CONTAINS: A

S Ours 8 of lactose.
ie BY NESTLE USA, INC:
VA 22209 USA

nee
“IENTS DERIVED FROM A BIOENG!

d
ar Sales in the total U.S. powder’

d By date-
e

Sodit um 5mg 0%

Total Carbohydrate 1g 0%

Tolal Sugars _____a

Includes Og Added Suga’. ON

Pro tein Og |2

\ficant source of polyunsaturated fat, monounsa g

iliber, vitamin D, calcium, iron, and potassiun mn

= ENTS: CORN SYRUP SOLIDS. Hyor Ker
Oro BLE OIL (COCONUT AND/OF of s

Us
st if
See bottom of jar for BE

= A
<x———...
> =. x

<

0 JAM
cc AND LESS THAN, ? ""oN ul

iwaw iw N\A
"
116.jpeg,"sae

ving al Ot , Total Fat 09 MDI Sara
ns ita i, Cholest. Omg (0 Dy),Sodiam ing |
»..20 (1% DV), Dietary Fiber 19 (4% Dv), Tol
tae 0% DV), Protein 0g, VitarinD °
DV), Potas. (2% DV).

iE = FREE (WATER AND TOMATO PASTE), DICED TOMATOES
ech JALAPERIO PEPPERS, ONIONS, AND LESS THAN 2 OFTHE
OWING: VINEGAR, SALT, NATURAL ee GARLIC POWDER.
ru go FOR: FR OL LAY, INC,
nF. AY HORTH Ah

a ae

ito i
+ st og ves Ls nin |

"
58.jpeg,"a a

_ INGREDIENTS: GRANOLA (WHOLE
_ GRAIN ROLLED OATS, SUGAR, PALM
__ KERNEL AND SOYBEAN OILS, CORN
__ SYRUP, COCONUT, HONEY,
_ MOLASSES, SOY LECITHIN, SALT, |
CORN STARCH, PEANUTS, ALMONDS,
SOY FLOUR, EGG WHITES), CORN
SYRUP, CRISP RICE (RICE FLOUR,
SUGAR, WHEY, SALT, BARLEY MALT,
_ WHEAT FLOUR, DEXTROSE), PALM
_ KERNEL AND SOYBEAN OILS, WATER,
- NONFAT DRY MILK, SORBITOL, SOY
_ LECITHIN, SALT, SUGAR,
CARRAGEENAN.

ALLERGY INFORMATION: CONTAINS

COCONUT, SOY, PEANUT: S, ALMONDS,

EGG, MILK, WHEAT. MAY CONTAIN
OTHER TREE NUTS,

McKee F ©2013-©
) - ©2021
| P.O. BOX 750, COLLEGEDALE, TN 37375

| - CONTAINS A BIOENGINEERED FOOD INGREDIENT

110 servings Per container
| Serving size 1 bar (27g)

Amount per serving °
Calories 120

_ei..

—— SS
or si
+
aH
*

4
4
;

|

| |

"
100.jpeg,"“ j , ; 1
, i Vila 4“
i} We

vy

gs te 4
y SeRREL iG ee RN a ‘
AN MG i, bbpeaee,

"
74.jpeg,"y ‘The % Daity Value (DV)
ood contributes tells you how much a
ition advice. med Noo! hematin

E ey Cashews, Vegetable Oil
al anola and/or Sunflowet), Salt, Whey,
xtin, Modified

Flavors, Dehydrated Gatlé
od noeinate and Guanylale,
hen Call

CONTAINS: CASHEWS; MIL

|
Oi}
vibe

1occas' onal nu 1)
on equip ment sien
veal, I! *] tS \ if
hs

AIG! L
.

F Powder :
ee: Starch, Wh _ Wega) |
0 ""
se, Dehydrated : sal |
Spice

or
ise

absolute Macca

Seeds , ding oa

Jeneratx.
UO ar, tt

ledicatiys,.«
| quality ©°

Ffering fants |
Shep our \oya\ tans

NTS takes these
combines annem

ggoning. GIVING
‘fing case on thet

tom our family 2)
iow tor puyins

"
62.jpeg,"Groiesterel Ong =""

‘co rE 0g i no
—wonounsaturated F =*
unsarur =

fora! Carbohydr,
pietary Fiber 19 “<Q ,
Fotal Sugars 29 =
includes 19 Added & ha

- in 9 Sugare
vitamin D Omeg =
Galcium 10mg ani
iron 0.3Mg

eg
Potassium 220mg
AS)
+
* The % Daily Value (DV) tells you how much ——
ina serving Of food contributes to a dele mt oan
calories a day is used for general natieetie” |

GREDIENTS: DRIED POTATOES, CORN STARCH, CORN Ol
SuGAR, MALTODEXTRIN (MADE FROM CORN SALT SY LEST
DEXTROSE, WHEY, WHEY PROTEIN CONCENTRATE, ON
POWDER, CHEDDAR CHEESE (MILK, CHEESE CULTURES, SA
ENZYMES), MONOSODIUM GLUTAMATE, BLUE CHEESE. (MIL!
CHEESE CULTURES, SALT, ENZYMES), CITRIC ACID, ATIF CAL
COLOR (YELLOW 6 LAKE, YELLOW 5 LAKc, YELLUW 2 VELL JW 6)
AIM (MILK, NATURAL AND ART irivin. “LAVORS: GARLIC POWDER
LACTIC ACID, DISODIUM INOSINATE, AND s22UM GUANY|_4/£

| —_—- MILK AND SOY

‘
|

pLAawe, |
«& 2024
woRTH AM all

"
35.jpeg,"Artificial
1: ervatives”

te Tens or TOMATO PUREE WATER
: at ENRIC (WATER, ENRICHED WHE i
tion Fac 3 ue ang
MON }, RIBOFLAVIN (VITAMIN 2
i can (4119) AID, WHEAT PROTEN SOLATE WHEN.)
PHOSPHATE, LACTIC ACID], GLYCERYL WOWoS""=:2u
veegp Per container | EATBALLS (PORK, CHICKEN, MECHANICALLY =>
CHICKEN, BEEF. WATER, CRACKERMEAL (Alc
es 200 FLOUR {BLEACHED WHEAT FLOUR, NIACIN, 2E
THIAMINE MONONITRATE, RIBOFLAVIN, FOLIC
CONTAIN GUAR GUM], SOY PROTEIN CONCENT
— ; kw oye | CARAMEL COLOR, FLAVORINGS, SOYBEAN dl,”
et apo | WATER HIGH FRUCTOSE CORN SYRUP, LESS
Wh 2% | MODIFIED CORN STARCH, SALT, DEHYORA
20h lb 30% 5) 30% | HYOROLYZED CORN AND WHEAT GLUTEN AND
~ lg CITRIC ACID, FLAVORINGS, ENZYME \iODI""
(CHEDDAR CHEESE sre MILK, CUL
BY 40mg 13% | ENZYMES}, WATER, SODIUM PHOSPHATE, ANI
oY Teddmg 54° y, | CONTANS: MLK, SOY, WHEAT.“ 1 BSE

114, 449 18%

)
‘WW
HM

N64 144 04°

"
69.jpeg,"0 o\ ia

yn tong _We\ dmg a9;
otassium 0.5mMG_2h\1.Amg gp;

340mg _ 6%!850mg 59,
ca 6%| ay,
Not a significant Source of added sugars

|* The % Daily Value (DV) tells you how much a nutrient:
} food contributes to a daily diet. 2,00 cles a a
general nutrition advice. : a

INGREDIENTS: POTATOES, VEGETABLE OIL (CANOLA, CORN, SOYBEAN,
] AND/OR SUNFLOWER OIL), MALTODEXTRIN (MADE FROM CORN), SAX,
WHEY, CHEDDAR CHEESE (MILK, CHEESE CULTURES, SALT, ENZYME)
H ONION POWDER, MONOSODIUM GLUTAMATE, NATURAL AN ARTIFICIAL
H] FLAVORS, BUTTERMILK, SOUR CREAM (CULTURED CREM SKM ML
7 UCTOSE, BUTTER (CREAM, SALT), SODIUM CASEINATE jah = Sl
7] CITRIC ACID, SKIM MILK, BLUE CHEESE (MILK CHEESE 7 veLLOWS
f} fIZVMES), LACTIC ACID, GARLIC POWDER; ARTICAL I.
1) ‘ELLOW 5), WHEY PROTEIN ISOLATE, AND MiLK PRO

| CONTAINS MILK INGREDIENTS.

itamin C

"
131.jpeg,"Ltoeg wei PTOT/TUL Ag rsag €L787 ON PHORM spooy poop AIML
Kos pur ‘ouresas ‘eats [UI “synU gay ‘snueed cassa0sd Jeuy Aqtoey & UT Ope
CLANTVAA ‘NYO@d ‘LONTHZVH ‘LONO909 ‘MAHSVO “InN Tzvad ‘ONOWTY) S.LON STaL SNIVINOD

|

|

limi

‘SINNTHMA ‘SINNISZVH
(OAV Twn wn “YYONS 0 INNGDOD “INYNVS) SdIHD
\aVv1LSW VONS ‘gavdvd) VA¥d¥d a9) 4) (aluinsiv lw
‘SONOWTY (ZI ISIe¥1SA
;Wwniaos “1NNODOD GaLvaIISIG) SIV 4nNO309 (asou1X30 ‘S3,.¥0) $303k) VO {unou

pW ja01xo10 ws ‘5 1ODd¥) SLODMY aaa (110 Y3AA0 HNN ‘SNISIVY) SNISTVY ‘SINJIGSYON| ~
yp StIOd (AC %9) UOIT Ad Ab wMDeD TAC Md) GUA
CAC Yi ‘suednig POPPY 3z pul) SIT Slesns [20..
Z sagid (AC 949) 321 SHED POLAT 140) ‘SWOT, WUMEpO”
a) ) Bora sual (AC*Ol) 32 WA:
So Ra RPL 07I SOLIOJED “2s 12d you /
ZIG “AJOG SBUI AIS 6 ules SJE 4 VOID dl

Ge) dna AUS ""APS __*

‘SMGHSVO ‘9033S NDMWINd ‘SNWOId
WNYWNVG ‘SIAN TIZvu8 49 MOTISA JIBINS

TeOnOnsas

Wut

woniaos ‘ADV INLD ‘yyons ‘Tdd¥3NKd) s3903M JiddV3NId

"
86.jpeg,"ey JOVIML
ZA AJaSJOWOJSND *|/EUsy
sere’ ice 14 IWeIW
Ji wai 009#
es 1S jo|6e}|4 JES
4 ‘INI SHOWNS du
‘ag GALNGIdLSIG

-wajpas6u) poo} pasaauyBuaoiq es:
SIN “SNIW:- a

ies ned OL PEPPY IlO YP8Gog
| sayy puy ‘(exe7 G# MOII9,

ueys Oe :
3 : a) 4 29ND UNIPOSIC ""Ceursoy
wniposig “>. ~ “SPNJOU] SJOAB)¥ leaney

‘ee wNIpOS ePMOd SIHES joy,
sea, ‘JEPMOd UOIUO PIOW SUD gop,
‘ploy OIIEW ‘SEA BIMOL ‘EXUAEd soanoeprs
Q exuded ‘SJBWEIN|IN WNIPOSOUOY ‘seoids
‘WES ‘UL}XEpoyeWY WOD “SPE }902iq wns
Je6nS) ONINOSWAS ‘(yeS “WRXONNS
Jo/pue ueeqhog ‘wWOD ‘ejoued] [IO sie
S80}2}0d) SdIHO OLWLOd : 3.LNSIGSYON

seuo[ed 0002 3e/P

SOADE UO 6 A
HuyNU jesUeB e 30) pesn sj Aep B ark syn OnE Ane

$9,
INGLES poo} Jo Buywles & u} ue;NU e YON MOY

wn 1ssb}0d

Ol

"
127.jpeg,"AN

:
&

- 7""; Ines
Bin mn

J Witten ioscom \

FRUIT ANT

\] aa’ ,

EXTR N CINNA MON, LUOUA

. OSE GUN ARABIC, CITRIC.ACI
rn a A 90 0 . OT OF NETHERLANDS, MEN
CT) WOCAN AN 7 :

AX RA

ptt ey

"
90.jpeg,"2 Udy We Boru Ne Ee
INGREDIENTS: ENRICHED FLOUR (WHEAT FLOUR, NIACIN, REDUCED IRON, THIAMINE
MONONITRATE, RIBOFLAVIN, FOLIC ACID). HIGH FRUCTOSE CORN SYRUP, PALM OIL &
-ERACTIONATED PALM OIL, WATER, DICED PEACHES, SUGAR, FOOD STARCH-MODIFIED (CORN),
CONTAINS LESS THAN 59, OF EACH OF THE FOLLOWING: SALT, SQDIUM PROPIONATE
(PRESERVATIVE), CORN STARCH, WHEAT FLOUR, MALTED BARLEY FL UR, NATURAL FLAVORS,
YANTHAN GUM, SODIUM BENZOATE (PRESERVATIVE), CITRIC ACID (PRESERVATIVE), DEXTROSE,

CALCIUM CARBONATE, AGAR-AGAR, MONO- AND DIGLYCERIDES, SORBITAN MONOSTEARATE,
YELLOW #5, YELLOW #6, SOY LECITHIN.

| per Serving woe 2a

"
28.jpeg,"ARLES AANA ANAT

A FRONTIER STAPLE FOR
EVERYDAY ADVENTURES

Nourishing and convenient, oatmeal was a favorite of frontier folk for

qood reason. Kodiak® Oatmeal is crafted with whole grain rolled oats

and protein-packed to make it a great-tasting source of nourishment
whether you're at home or out on the trail.

Y MICROWAVE DIRECTIONS:

Ui

ns, a Sp in nos Ss Sulig pte nop Se Sp ia Oe ee AMAAAAAATY

2 1on 1.2mg 6%
A MRC fT

mv, 1. Tear packet open and add contents to a microwave-safe bowl.
app Vs CUP 2. Add 1/3 cup water (use milk for extra protein),
WATER OR MEK | 3. Stir until combined. ge .
4. Based on desired texture, heat in microwave on high
Fy for 30-45 seconds.* ie 9
wcnowave | STEEPING DIRECTIONS:
gag 1. Empty contents into a bowl.
2. Add 1/3 cup hot water (use milk for extra protein).
OR 3. Stir well, cover, and let stand for 2-3 minutes.
ae c CAUTION! Bowl and contents will be hot.
solic *Directions developed with 1100-watt microwave ovens.

2-3 MINUTES

Nutrition Facts

)

* Potassium 130mg 2%
(he % Daily Value (DY) tells you how raueh a

nuts lent IN a serving of food contributes to a daily

Ole. 2,000 calories a day is used for general
nutrition advice

q
7

Microwaves vary. Adjust cooking time as needed.

ace
a =
A >.
A my

ee

6 servings per container  —. =.
Serving size 1 Packet (50g) a
Amount Per Serving
Calories 190
i] —% Daily Value*
Total Fat 2.5g 3%
Saturated Fat 0.5g 3%
Trans Fat Og
| Cholesterol 5mg 2%
Sodium 210mg 9% iar
otal Carbohydrate 31g 11% Fa
Dietary Fiber 3g 11% | NM
'Ootal Sugars 10g ‘
includes 9g Added Sugars 18% ae
Protein 12g wep) | Cc, MESO
viiamin DOmeg 0% »* Calci 100. , * lark City, WF cay
gO0% » Calcium mg 8% BRAY.

€ KODIAK CAKES, kLC

PES SUGGES HE HG HEE EAR RR RRA RRR RRR RRA RARER

"
53.jpeg,"wautrition Facts sav. sz
Amount per serving: Calories 240, wack ox A aD
(18% DV), Sat. Fat 8g (40% DV), Trans Fat Og WS cvrest.
mae | <5mg (1% DV), Sodium 95mg (4% DV’. Totan Carb. 269
..., \7 70 DV), Dietary Fiber 2g (7% DV), ‘otal Sugars 22g (Incl.
\ 21g Added Sugars, 42% DV), Protein 5g, Vit. D (0% DY),
s/ Calcium (2% DV), Iron (4% DV), Potas. (4% DV).

>
—-—>
-~ --
a
~ a

2
i
t.
a
.
‘

"
45.jpeg,"NA

h ae  SUlalily i ale ae
Total Fat 1s Ur gay fe AKE, to the a macttul. From

Saturated of Ming IS to Make Ki Way we work, live
t 0 and IND® Not j :
Tans turated Fat 2 Oommunit just a bra

Kind| y to mak
y € the wo
Vonounsaturated Fat 6 aniel ile

0 ubet k :
holestero! Om 0% K| Zky,
“od 0 ND Founder A oF \

: ae
ee nt a A Pz, :
Total Sugars 69 cashews S eer 5
cludes 6g Added Sugars 12% & almonds 2 | s
—SoarAconolOg. gat Alcohol 0g \  ——
Protein 40 i eS
VianinDOmcg 0% © Calcium 32ma 2% ‘ ,
mongi0% © potassium 195mg 4% ya '

EE |
+he'Daly Value tells you how much a nutrient in q
ssening of food contributes to a daily diet. 2,000 —

odares @ day is used for general nutrition advice.

INGREDIENTS: Cashews, almonds, semi-sweet .
chocolate (unsweetened chocolate, sugar, cocoa

ba: soy lecithin, vanilla extract), cane sugar, yz vanilla
quinoa, brown rice syrup, vanilla extract, natural | extrac

a r ‘ e
hatte Vitamin E (mixed tocopherols for

a Information: Contains cashews, almonds
RY 09 ;
tng gn PORT, tree nuts, milk, eggs and

$euy
RO ett
180K 7geU bY KIND LLC

4 “Saaa cn dtown Station NY, N
Mage, ND

y 10018 99929-02-P-PFOAOI OT
With Ug BEST BY:

F

Mi

Mag

’
"
32.jpeg,"Nutrition Facts

10 {0 servings per ‘container
Serving size 1 packet (28g)

100

____ Wally Valeo!
Total FatOg 0%
Saturated Fat(0g ==s_s§-§«s

Amount per serving

Calories

Trans Fat 0g

Polyunsaturated d Fat 0g

Monounsaturated FatOg
Cholesterol (mg 0%
Sodium 310mg 14%
Total Carbohydrate 229 8%
| Dietary Fiber 1g 5%

Total Sugars 0g

Includes 0g Added Sugars 0%
Protein 29

Vitamin D Omeg
Calcium 130mg 8%
iron 12.9mq 10%
Potassium 40mg 0%
Thiamin 0.18mq 15%
Riboflavin 0.13mq 10%
Niacin 1.6mq 10%
Folate 60meg DFE 15%
(36mcg folic acid)

“The % Daly ae) ou orca i
1 & serving of food contributes fo a pati
calories a day is used for general

tlie a acid”,
One of the B vitamins,

DISTRIBUTED BY:

ox THE QUAKER OATS COMPANY
PO. BOX 049003

ocan here for gt Aue information

_ | smartlabel’
- — | he
| Ree:
aie - | lel,
ly

600 694 7487

SEE OTHER SIDE FOR OPENING INSTRUCTIONS.

INGREDIENTS: Degerminated white corn
grits, salt, calcium carbonate, reduced iron,
nat inamide* , BHT and citric acid (to preserve
Ieshness), thiamin mononitrate*, riboflavin’,

CHICAGO, IL 60604 “BOUS U.S.A.

4 prepare, smooth

occasionally found

corn we use in this
vroduct and do not

UAKER |

“EST? 1877

IMPLY THE
ST QUALITY

uaker has set the
itandard in Grits
ir over 100 years.
ly Quaker® Instant
fits can help your
mily continue the
adition with easy

and creamy Grits,

For more recipe
ideas visit:
quakeroats.com

Please note:
Tiny dark specks

in our grits are
naturally
occurring in the

affect the taste
or texture.

0

or special offers,
iformation & to join
1e Conversation, visit
luakerOats.com,
acebook,com/Quakei
 @Quaker

Gust SjOADSIZ MAU
"
65.jpeg,"| png Fat Vg S/o
| fotal og Fat 0-59 3%

al
Salu

Vitamin D Omcg 0%
Calcium Omg 0%
2g ———LKKKKKLRRPR 3
Iron 0.3mg 0% |

0
Potassium 30mg 0% |

; eee | i

/ * The % Daily Value (DV) tells you how much utrient
in a serving of food contributes to a daily diet 2.000 {4
calories a day Is used for general nutrition advice. |

INGREDIENTS: SUGAR, POPCORN, CANOLA OIL, CORN
SYRUP, AND LESS THAN 2% OF COCOA (PROCESSED
WITH ALKAL|), NATURAL FLAVORS, SALT, SOY LECITHIN,

TRIGLYCERIDES, MONO- AND DIGLYCERIDES OF FATTY
ASCORBIC ACID (ANTIOXIDANT). -
CONTAINS MILK AND SOY INGREDIENTS.

MADE ON EQUIPMENT THAT MAKES PRODUCTS
CONTAINING PEANUTS AND TREE NUTS.

MANUFACTURED FOR
SMARTFOODS, INC.
PLANO, TX 75024-4099
©2023 SMARTFOODS INC.

GUM ACACIA, MILK, MALTODEXTRIN (MADE FROM CORN), =
BUTTERMILK, COCOA BUTTER, CREAM, MEDIUM CHAIN

ACIDS, ROSEMARY EXTRACT (ANTIOXIDANT), AND =

"
73.jpeg,"\

Dietary Fiber a

3g 10%

Total Sugars 2g 690

Inc Added Sugars | 2g 5 aa
5g

vitamin C Omeg 0%

Calcium 26mg =

Potassium
B.. /

""The % Daily Value (DV) tells you how much a nutrient in a serving of

food contributes to
ruttion adview @ daily diet. 2,000 calories a day is used for general

SEENTS Potatoes, vegetable oil (may contain one or more of the following

brio cotonseed, soybean, sunflower), bbq cheddar seasoning (suga

~ 0s€, cheddar cheese powder [cultured milk, salt, enzymes], salt, whey powder,
tie Odum glutamate, onion powder, paprika, buttermilk powder, butter [cream,

lon ae disodium phosphate, natural & artificial flavor, FD&C yellow #9, Pe
mh Malic acid, spice, disodium guanylate, disodium inosinate,

tONtahe and coloring [contains turmeric), salt.

Contains ,
""Sa bioengineered food ingredient. , 4

DISTRIBUTED BY:
RAP SNACKS INC.
153 E Flagler St
re 3131
Miami, FL 3
Email: customerservice@rehry,
Twitter: Rap eipiRapsnacie

a. San cemenewe? jain OF anacks

"
24.jpeg,"Photos here
"
107.jpeg,"Nutrition Facts
Datos de
Nutricion

About 4.5 servings

Aprox. 4.5 Raciones

Serv. Size 5 wafers(32g)
Racion 5 wafers(32g)

ae SS
Calories / Calorias 1 70

per serving por porcion

est By / Consumir Antes de:

DEG /05/2024 2¢

— we ear

Amount/Serving / Cantidad por Racion + % Daily Value* / % Valor Diario* | | :

Aresunt/Serving / Cantidad por Racién ‘% DailyNe

Total Fat / Grasa Total 8g
Saturated Fat / Grasa Saturada 3g
Trans Fat / Grasa Trans 0g

Cholesterol / Colesterol Omg 0%

Sodium / Sodio 55mg 2%

10% Total Carbohydrate / Carbohidrato 23
15% Dietary Fiber / Fibra Dietética Og
Total Sugars / Aziicares Totales 149
Includes 14g Added Sugars
Incluye 14g Azicares Anadidos
Protein / Proteinas 1g

_
Vitamin D / Vitamina D Omcg 0% * Calcium / Calcio 4mg 0% » Iron / Hierro Omg 0% Potassium / Potasi

* The % Daily Values tells you how much a nutrient in a serving of food contributes to a daily diet. 2,000 calories a day is used for gen
* El porcentaje de Valor Diario indica la cantidad de un nutriente en una porcidn de alimento contribuye a una dieta diaria. 2,000 calo
consejo general de la nutriciOn.
"
49.jpeg,"209 |. 3303
=:07.2025 e139

ee

"
111.jpeg,"*The % Daily. Value (DV) tells you how much a nutrient in
a serving of food contributes to a dally diet. 2,000 calories
a day is used for genera

| InGreDIENTS: PORK RINDS, SALT, S.C
TORULA YEAST, TOMATO SER

| nutrition advice.

TB) DEXTROSE, YEAST EXTRACT
if POWDER HYDRC’... _D CORN PAOTEIN.
£ OY N OIL, EXTRACTIVE OF PAPRIKA
(COLOR), SPICES SPICE EXTRACTIVES,

CITRIC ACID

"
48.jpeg,"5mg 0% 15mg 1% | Protein

TO OPEN:
it peer and Tear at End

Questions 61 Foommenteh
www.askhershey.com or 800-468-17

roduits Nestlé S.A. _—Visit us at www.hersheyland.com

INGREDIENTS: SUGAR, CHOCOLATE, WHEAT |
| FLOUR, VEGETABLE OIL (PALM OIL, PALM
| KERNEL OIL), COCOA BUTTER, COCOA
| PROCESSED WITH ALKALI, MILK FAT,
CONTAINS 2% OR LESS OF: LECITHIN (SOY),

 PGPR, SALT, YEAST, NATURAL & ARTIFICIAL
""FLAVOR, BAKING SODA.@D |

: CONTAINS: MILK, WHEAT, SOY.

~ MANUFACTURED IN A FACILITY THAT
PROCESSES PEANUTS.

| CAS LD
wa = =—# SF .
¢ “al ee: ‘
.k.. ei , oe

"
110.jpeg,"Nutrition Facts}

About 8 servings per container
Serving size 1 02 (28g/ahout 7 pieces)
Amount per serving c 0
Calories 9 INGREDIENTS: CORN SYRUP, SUGAR, WATER, MODIFIED

PT TIALIGH STARCH, GELATIN; LESS THAN 2% OF: CITRIC ACID, NATURAL

Total Fat 0g AND ARTIFICIAL FLAVORS, CARNAUBA WAX, COLORS (RED 40,
BLUE 1, YELLOW 5), MINERAL OIL.

Sodium Omg

UE ee ee DISTRIBUTED BY MARS WRIGLEY CONFECTIONERY US, LLC,

Total Sugars 189 wy N, NJ 07840-1503 USA

Includes 18g Added Sugars 36% INEERED FOOD INGREDIENTS
Supat Alcohol 0g M? ENTS? CALL 1-800-974-4539
"
106.jpeg,"é aH IAWsIy, 9 NG009 AHNNYD
Bul|PUeY pue Suda,

—— AULHOLL oyg SOT
45 oul
JeUUOU SWOS “aun

QA Ou 12). ey Sur

A) Ty
tf)

AQS \ ee) NUVMS9d A MAM
— WH 3A) 42:5) 3

L9NGOWar,, SNINYYM.”

WO) 3dO9, ¥

uipysPoo}2dnswYAKyeyreqQn35, 1995-Ihb-1¢ Sh 7 Win

OdIKayy ui opt Aj 77072

JeuOneusayuUy VDO Aq URZI¢ pD 4112)

VOLBEXL Unsny ‘., x0g Od

feat Pon eas CAIN 9 cri naravci0

ae *PISUI jonpoud aus
i a Oe 84 IU) ONY
: Je}, 39)2ed yuerr1ISap |]
Ad Gb be.

WSs SNIVINOD

Wdd3d ALIHM JINYDUO

G33M TUG SINVOYO 3DINI NOWTT divvsyo

chek NO SINVSO UVSINIA YAGID Tidd¥ DINVOUO ‘YvONs

‘TVS 5S aetna DINVOYO ($493S 3WS3S ANNOYS) INH
INYD I

JINVDYO “SINIIGIYONI
: OTINNS JINVDYO FIV»
DINVDYO “SGI3S WIM

4013 WOO OLWI S10 pe von

‘2, Walp Aitep & 0} saynquyuod poo}
re SaLOed 000'2 ‘YIP Alt
Be ecu na B YONW MOY NOK Sya4 (Nd) anfen AED % SUL
40 Bul 1 qual

las yonposd
\Os 5) aeyoed silt

mOEZ HOWLEZ | %OZL HOWE

%Gv BoWDIy | %02 Gown
%0 Hwogg|%9  Gwo9z
%Gl  Bwy'z | %9 Bwiz’|

sieBng ye}0\)

ss OO

4aqi4 Auejaiq
“Qaeg [e}0]

Re

winipog
_____Toraysajou9
ites, le

"
25.jpeg,
72.jpeg,"Dietary Fiber
Total Sugars
Inc. Added Sugars

—""
prote..*

‘ The % Dally Vaiue (DV) tells you how much a nutrient in a serving of
food contributes to a daily diet. 2,000 calories a day is used for general

nutrition advice.

HSREDIENTS: Potatoes, vegetable oll (may contain one or more of the following.
enola, com, cottonseed, soybean, sunflower), bbq cheddar seasoning (Sugal,
ftrose, cheddar cheese powder [cultured milk, salt, enzymes], Salt, wie)

'v color, spice and coloring [contains turmeric), Salt.
CONTANS: .

Contalng ‘bivengineered food ingredient.

DIST RIBUTED BY:
RAP SNACKS INC.
153E dom gd St

#60
Miami, FL 3313"" nacks.net
Email: customerservice om
er:

"
64.jpeg,"— — Bar vr a
~~ a ; |

7 Fiber 29

Dietary =
ars 29 aK
Tota SUS sa sugary
= 29
protein
vitamin D Omcg 0%
Calcium 10mg WW, |

Ne :
\

: e (DV) tells you how much a nutrient
t |. me % Daily ne a bute to a daily diet. 2,000
/ igaserv gui sed for general nutrition advice.

RN, SUNFLOWER ANDIOR CANOLA OIL, WHOLE
ENTS: W “OUR WHOLE OAT FLOUR, SUGAR, TOMATO POWDER,
GROWN A ESE (MILK, CHEESE CULTURES SALT ENZYMES),
EDDAR TEAMILK ONION POWDER, WHEY,YERSTENT
DEXTROSE:BT MW CORN), ROMANO CHEESE pa soko
MILK CHEESE CULTURES, SALT, ht dere ot APENOPERER,
! S
VATURAL FLAVORS, CORN OIL, CID.
sTRICACIO,PAPRIKAEXTRACTS, AND LACTIC

CONTAINS MILK AND WHEAT INGREDIENTS.

, FRITO-LAY, INC.
0,11 75024-4099 oT
By SUNCHIPS and the Chip f) Wo UN.
| Configuration are registered FIN \N
zon a RINCHIPSEA
my ‘Tto-Lay North America, Inc. © 2015

MMT TUT NK\\
"
33.jpeg,"oe

ne! Oui u its make { addition to anym ME .
a a
or mix things up and try adding your oon ea ""
butter, shredded cheese, greeny ‘“ Tits pa

3

8, OF Shines.
i

——.

Tiny dark specks occasionally found in our g

($ are Natiratt

ly Velue* | + the corn we use in this prod: and do not affacyyp
20 Ui dl fOCt the toate
. = Se vera
0% || ELE] | smartlobet ;
~|| SSeS |
d roa :
9% || Helse
wo], | | Scan here for more food Information or call (
_ oa 1-800-694-7487 }
%

2's 0% | INGREDIENTS: Degerminated w’ © corn grt

___|niacinamide*, reduced iron, thiat: i
mononitrate*, riboflavin*, folic aci’ -
""ing (': /*One of the B vitamins a

“c |THE QUAKER OATS COMPANY ovakaot
+10 P.0. BOX 049003 CHICAGO, IL rigase have package”
60604-9003 U.S.A. 7,

Qu “K
CHEESE G: rs
2 cups “ate!
1/2 cup QUAKER® Quick rits
4 ounces pasteurized prepar
cheese product ©"" .
Dash garlic powder (options
Paprika
lowly stir grits into boiling wate! Reduct
Cover, Cook 4-5 minutes or UnU! hicks :
5¢ and garlic powder continue 6 ok! iy
7 . GS
_ utes. Sprinkle with paprika 4 SER IN ,
Or mone re cipe ideas visit quakeroals cor

3
F
14
|i
I
\g

"
44.jpeg,"Nutrition Facts

8 Servings Per Container

Serving Size 1 Cookie (319)

Amount per serving

Calories 140
% Dally Value*

Total Fat 69 8%

Saturated Fat 3.59 18%

| Trans Fat 09

_ | Gholesterol 10m2 3%

h a
\Total carbohydrate 219 oe

Dietary Fiber 09

ota Sugars 110_———9
ngaed sugars_22%

includes 119
Protein 19

Vitamin D meg 0% ® calcium 10d 0%
rono7mg «| 4S potassium 40mg 0%
a nutrient

*The % Dally Value pV) tells you how much
ae . yites 10 & daily diet. 2,000

in a serving of food 00
calories a day Is used for general nutrition advice.

FLOUR, BAKING
FLAVORS, CREA

BICARBONATE.
CONTAINS: WHEAT, MILK, SOY, EGGS.

PEPPERIDGE FARM, INC..
NORWALK, CT 06851
Contains bioengineered food ingredients.
The ingredients from corn, soy, and
gugar in this product come trom
anetically modified crops.
Lear more at pepperidgetarm.com
910001036637 8900-11-12E3

Satisfaction Guaranteed. |
For questions ox comments |

pleas i

e call 1-888-737-7374.
Thank you. ’

"
52.jpeg,"1 Or Fa ra se ala.
— ~pftiOlm FACETS serv. = » a f,
_ ope ‘ pac*’u«
bo ef SEIVINN”G: Calories a O 5 ee

/ ” OU x

i = 8g (40% DV), Trans Fat Og Staciest. g
Tee 14 DV), Sodium 95m9 (""""_~.), Totarearb. 26- r.
(9% DV), Dietary Fiber 2g (7% DV), Total Sugars 22g \'nc

21g Added Sugars, 42% DV), Protein 9g, Vit. D (0% DV
Calcium (2% DV), Iron (4% DV), Potas. (4% DV)

.
/

"
29.jpeg,"me o?

es

BOP Cong, lees

Nutrition Facts

About 57 servings per container
Serving size 2 tsp '8q)

Amount per serving

Calories 30

Total Fat 0g
Sodium 0mg

Total Carbohydrate 8g
Total Sugars 8g

Protein 0g

*The % Daily Value tells you how much a nutrient
in a serving of food contributes to a daily diet. 2,000
calories a day is used for general nutrition advice.

t One serving adds 8g of sugar to your diet and
represents 16% of the Daily Value for Added Sugars.

"
126.jpeg,"Total ¢

arbohydrate 2g 4 a
Dietary Fiber <iq o% |

Total Sugars 1G

i

nes ge y |
gas 32%

Protein 19 : |

| Potassium 65mg

Leese |

- % Daily Yao ts tells you how much a nutient in
19 0

| cao cdoiee dys goede
INGREDIENTS: SUGAR, WHEAT
FLOUR, COCOA BUTTER, CHOCOLATE,
VEGETABLE OIL (PALM OIL, PALM
KERNEL OIL), LACTOSE (MILK), SKIM
MILK, MILK FAT, CONTAINS 2% OR
LESS OF: LECITHIN (SOY), PGPR,
VANILLIN (ARTIFICIAL FLAVOR), SALT,
YEAST, BAKING SODA. DD
CONTAINS: MILK, WHEAT, SOY.

MANUFACTURED IN A FACILITY THAT
PROCESSES PEANUTS.

The Hershey Company
?¢: Hershey, es” USA
, der License Irom

sae Produits Nestlé S.A.
Vevey, Switzerland, Trademark Owners
ments?
ue haved or 800-468-171
Visit us at wear com |

"
91.jpeg,"mney tenis BSO1SOH 4z-61079 GLZ99 Sy ‘exauey

e {1 ‘spuesd SS21S0H

¢ SMC THON go04 MaaNIDNIOle SNIVLNOD
wah 108 HUH 93 SNIVENOD,

qgnees ‘Op G3’ MT

gYHdSOHE WAIIVIOND: OGM
NIHLIDST AOS “ALN AME A ogwaLy fu a8S
'CIQMIDATELE ONY ONO) Wo \TISNOLLOY

oi) JEveuos MAISSWLOd ONW''9¥ qau0s

&

WinWG, ALWHASOHADHAd aiay Wy, 10S DVS ‘
mci GaryMszQOUgaN NWALeNUO. TadiOOW aM)
AROVIVL dtlbAs NYUD JoULdnus tj Ul¥ S105. tl 7
enowuad AVOVIN “ENO ava Tare WS rwanin Y

pawagige""eS HO 2 SNIVINOS 'ngq ‘Is0WuGe
eter ails ""NOU NEWELel up Lv $
T OFHIMNa HAMOA ""UYOMS ¢)uavaay

(621) Se

9A () WN\Sse}Od ¢
1 %zg sie6n ;
Wos'sor1ep580150}} ye | tai See aE ae
ps 60 J0q14

A ee ee
61) ‘Ques ImI0L

%o Lt
"
68.jpeg,"Vy Yq —~~Y”

Omg 0%! ome—_

mn 170mg 7% 440mg ane

i Li a rb. 15g 6% 40g x

Dietary Fiber ig B% Sh

~- Total Sugars <1g a
Protein ale

| Vitamin D Omeg 0% Omeg 0%
jGalcum «| 10mg 0%! 20mg —o%
pom Gg 2%) 1.5mg 8%

Potassium __| 350mg _6%|820mg 15%
Vitamin C 6%| 15%

—_
|} } Nota significant source of added sugars.

a a

* The % Daily Value (NV) tells you how much a nutrient in a serving of
food contributes to a daily diet. 2,000 calories a day is used for
yeneral nutiition advice.

INGREDIENTS: POTATOES, VEGETABLE OIL (CANOLA,
CORN, SOYBEAN, AND/OR SUNFLOWER OIL), AND SALT.

"
130.jpeg,"zs = OONGIN Nad,

apqeprese eseyzed @aey eseajd |
gzLv-ZZ9-008-1 | INaIGSYONI Goo4 GAdaaNIONSOIA V SNIVINgy
wor’ SYOMYICUS 2e sys: | ys S60 0N ep DEE 10S IVAN -SNIYIN :
{ INHSTU4 FAUISTUd OL asaay (SALE 1NS)] IGXOIG yn-ins ‘YOAVTY WoL NV TWHNLWN “(SSaNHS3e3 ANGSTHd Ol
End ZIVOZNIG WNIGCS ‘NIHLIT AOS ‘COW OTT ‘aviv WNINTyo “vdOS ONDIVE ‘ITVS “TIO Wtvd 10 VION uo/ANY
NVGEAOS HVONS LEAN! ANYAS NHOO “(ioY ON0 2a NinWlli! NuW ORTH {1 NINVLIA} ALVELINONOW SNINNIAY \yq4)

SCY ‘NOVI GO a Avani Git i USHOIINA CSHOVATENT YVONS ‘UNO IWIHM NIVHD TIOHM ‘S9/ SLNSTGTENY

{OGQASIES E gy ‘(Ad %2) seiod ‘(Ag %9) uoL ‘Ag %)
ie uo s* aoe | “UNG %0) GA ""Bz ie %ze ‘sieBng pappy B9L jU)) OF Vn

SAIN .
So ANG GAINS, CAQ =4.0) BWO 3*20u ‘Bo 1a Ssuer, “(ag %&) BL 124 IBS ‘Ad %D) Y

SS SEE “QS. SONG peas 20s 0d wncuny “ecard g -eres AIO SIDES”

“Spliles

"
87.jpeg,"tt y P vc, NOSQNY NAAN NWANOD WN
Bf suuiln WAIGOS ‘Haddad O38 TONDWD INAKRS OL CRON SOKO

Cnr p, WOOTIS 4X2 NHL SHON LON NY S30 ""HONE ON
een INRLXQOLWN “SIN ONDETNS. CNY “en
ee mis iauinll CNR ‘SDS ""NS ""NO STD HOD“
(Taw TWS ‘ANUS NHOO ‘SESSVTON ‘WHOENA CETUS WBOHO4
pisocw SPINS HHSURIS2OUOM ""BOWE STAG ‘NRLCOL
ees E0N0d 300M Sci WQNOd OLWWOL  ‘sanog
en (ah HORUS 00: (30M ‘WALCO 3

Ne SON 3910 JERE SAV ABV LBNS YES NWOH® EALAWELa =n
Palipems AQ NOND “LYSAOHUGA WS YBKEE CX ‘9
CaLANCHH ‘LV WTCOSONON CES NS
noua ‘IWS) CNTR QNNOGYES. ‘IVA $330 SINCE
saip auojed 000°? ® Uo pesed ale sanyen Alleq yuedlg , | i
metice? %0 e¥0/04

%G0 WIE

0%9 UO) ®

@ ¢zoziaasi6o
ayosane 1s26

OL) 1S3
TWYA MOOK GN NOAWOS TIEVIIVAY
SIONGOUd DNILSVL 184d IHL DIVW
(THON ALIIVAO LSIHOIH IHL ONISA
{4D WNOA ANY SUVIA. 08 NVL TIOW
{HL 3d CINOM ALITVND LSTHOTH FHL (682)
1 GSAaITAG FH ‘CUOIOANG ""H HONK
| NI GAGNNOA SYM SGOOA CHOI syed

LS] SONS IHL, 00 IM ONIHLAWIAT GICIND sVH
ry KHAOSOTIHA TTAWIS SAVY AaVG LEIMS $86} JONIS
"
